,,open,high,low,close,volume,value,SMA_5,EMA_5,SMA_10,EMA_10,SMA_20,EMA_20,SMA_60,EMA_60,SMA_120,EMA_120,RSI_7,RSI_14,RSI_21,STOCHk_14_3_3,STOCHd_14_3_3,MACD,Signal_Line,MACD_Histogram,Middle_Band,Upper_Band,Lower_Band
daily,2023-11-23 09:00:00,50050000.0,50253000.0,49500000.0,49929000.0,2375.37097906,118658022255.89616,,,,,,,,,,,,,,,,0.0,0.0,0.0,,,
daily,2023-11-24 09:00:00,49936000.0,51323000.0,49888000.0,50601000.0,3684.13103632,186303047671.0546,,,,,,,,,,,,,,,,53606.837606839836,10721.367521367967,42885.47008547187,,,
daily,2023-11-25 09:00:00,50606000.0,50802000.0,50307000.0,50533000.0,1735.64159119,87821072936.28871,,,,,,,,,,,,,,,,89571.0911437422,26491.31224584282,63079.778897899385,,,
daily,2023-11-26 09:00:00,50533000.0,50610000.0,50019000.0,50210000.0,1931.40729605,97182147445.94131,,,,,,,,,,,,,,,,90961.07791887969,39385.26538045019,51575.8125384295,,,
daily,2023-11-27 09:00:00,50210000.0,50446000.0,49500000.0,50275000.0,2967.23413174,148203533801.63138,50309600.0,50309600.0,,,,,,,,,,,,,,96198.69060117751,50747.950424595656,45450.74017658186,,,
daily,2023-11-28 09:00:00,50274000.0,51095000.0,49550000.0,50576000.0,3070.18580271,154384605619.8331,50439000.0,50398400.0,,,,,,,,,,,,,,123217.3479380086,65241.829927278246,57975.51801073036,,,
daily,2023-11-29 09:00:00,50576000.0,51250000.0,50419000.0,50720000.0,2831.02552019,143915341326.90656,50462800.0,50505600.0,,,,,,,,,,,,,,154468.8048493415,83087.22491169091,71381.5799376506,,,
daily,2023-11-30 09:00:00,50720000.0,50963000.0,50445000.0,50586000.0,2773.4807392,140498847764.6817,50473400.0,50532400.00000001,,,,,,,,,65.73846187994585,,,,,166503.77758785337,99770.5354469234,66733.24214092997,,,
daily,2023-12-01 09:00:00,50601000.0,52000000.0,50500000.0,51709000.0,4022.03933345,206684690132.80362,50773200.0,50924600.000000015,,,,,,,,,85.2383868922317,,,,,263619.4539204389,132540.3191416265,131079.13477881238,,,
daily,2023-12-02 09:00:00,51710000.0,52833000.0,51645000.0,52603000.0,2689.11690841,139928155615.26788,51238800.0,51484066.66666669,50774200.0,50774200.0,,,,,,,90.34307718121016,,,,,408019.2635380551,187636.10802091224,220383.15551714288,,,
daily,2023-12-03 09:00:00,52615000.0,53864000.0,52531000.0,53700000.0,3551.85450167,188420442100.16516,51863600.0,52222711.11111113,51151300.0,51306163.636363626,,,,,,,93.54074776505368,,,,,604013.1968448684,270911.52578570344,333101.6710591649,,,
daily,2023-12-04 09:00:00,53761000.0,57337000.0,53690000.0,56920000.0,11395.02751964,634928029492.8329,53103600.0,53788474.07407409,51783200.0,52326861.157024786,,,,,,,96.9730896997004,,,,,1007552.4528904334,418239.71120664943,589312.7416837839,,,
daily,2023-12-05 09:00:00,56922000.0,60769000.0,56000000.0,60227000.0,9996.25271209,580788211507.9005,55031800.0,55934649.38271606,52752600.0,53763250.03756574,,,,,,,98.15059926037097,,,,,1576039.876255013,649799.7442163222,926240.1320386908,,,
daily,2023-12-06 09:00:00,60230000.0,61312000.0,59572000.0,60314000.0,8840.70990951,533639805638.3533,56752800.0,57394432.92181071,53763000.0,54954295.48528106,,,,,,,98.17242018210455,,,,,2010415.6082215086,921922.9170173595,1088492.691204149,,,
daily,2023-12-07 09:00:00,60295000.0,60958000.0,58555000.0,59250000.0,8318.92475677,496929423027.319,58082200.0,58012955.281207144,54660500.0,55735332.66977541,,,,,,,84.02660314145375,86.16029884960778,,,,2242950.263087325,1186128.3862313526,1056821.8768559722,,,
daily,2023-12-08 09:00:00,59237000.0,60753000.0,58750000.0,60142000.0,5252.13320218,312888965810.0667,59370600.0,58722636.854138106,55617100.0,56536544.91163443,,,,,,,85.99969001311473,87.43132368553125,,88.06298679309178,,2470731.5423914567,1443049.0174633735,1027682.5249280832,,,
daily,2023-12-09 09:00:00,60148000.0,60395000.0,59680000.0,60082000.0,3528.90759303,212176303316.26273,60003000.0,59175757.90275875,56553300.0,57181173.10951908,,,,,,,85.17405249107601,86.85351270378708,,87.40828535952137,,2616249.849055469,1677689.1837817926,938560.6652736764,,,
daily,2023-12-10 09:00:00,60082000.0,60277000.0,59563000.0,59835000.0,2575.29471124,154503668158.04605,59924600.0,59395505.268505834,57478200.0,57663687.08960652,,,,,,,81.41986956073875,84.38124744593894,,89.05914888813636,88.17680701358317,2680741.4015807733,1878299.627341589,802441.7742391843,,,
daily,2023-12-11 09:00:00,59834000.0,59918000.0,55460000.0,56950000.0,11981.70048829,690921164445.8722,59251800.0,58580336.845670566,58002300.0,57533925.80058715,,,,,,,50.86753214158526,62.13421675859119,,79.99903272142478,85.48882232302749,2470576.761518486,1996755.0541769685,473821.7073415173,,,
daily,2023-12-12 09:00:00,56950000.0,58780000.0,56654000.0,57605000.0,8005.13993037,461428661644.5635,58922800.0,58255224.56378038,58502500.0,57546848.382298574,54638350.0,54638350.0,,,,,55.30946384244419,64.42731630784711,,72.12640274783702,80.39486145246606,2330013.846808493,2063406.8127032737,266607.0341052194,54638350.0,63183656.702635385,46093043.297364615
daily,2023-12-13 09:00:00,57605000.0,59924000.0,56500000.0,59056000.0,5623.2041578,326097648745.7368,58705600.0,58522149.70918693,59038100.0,57821239.58551701,55094700.0,55059078.571428575,,,,,63.77389601622513,68.9178486723806,,69.37444728115445,73.83329425013875,2309082.630476646,2112541.976257948,196540.65421869792,55094700.0,63555486.50319411,46633913.49680589
daily,2023-12-14 09:00:00,59056000.0,59500000.0,58002000.0,58735000.0,4548.14813078,267479933082.30008,58436200.0,58593099.80612463,59219600.0,57987377.84269573,55501400.0,55409166.32653061,,,,,60.8016677126635,66.90567051224293,69.05148216488648,73.79141444146295,71.76408815681813,2240762.359783873,2138186.052963133,102576.30682073999,55501400.0,63833691.79063062,47169108.20936938
daily,2023-12-15 09:00:00,58727000.0,58973000.0,57632000.0,58028000.0,3771.61724969,220131142067.4275,58074800.0,58404733.204083085,58999700.0,57994763.689478315,55876150.0,55658579.057337224,,,,,54.298991220011736,62.5723925816983,65.34322166480705,73.81134335156459,72.32573502472734,2105300.4683888555,2131608.9360482777,-26308.467659422196,55876150.0,63937345.13863533,47814954.86136467
daily,2023-12-16 09:00:00,58020000.0,58562000.0,57574000.0,57935000.0,2546.60255462,147866504293.10175,58271800.0,58248155.46938872,58761800.0,57983897.564118624,56262400.0,55875381.05187654,,,,,53.42217505602829,62.00351587391743,64.86211522368316,67.91203168190336,71.83826315831028,1967758.5253484398,2098838.85390831,-131080.32855987037,56262400.0,63910150.887816966,48614649.112183034
daily,2023-12-17 09:00:00,57928000.0,58017000.0,56700000.0,56710000.0,3121.98161119,179292490567.81885,58092800.0,57735436.97959249,58507800.0,57752279.825187966,56584150.0,55954868.57074544,,,,,42.801037913606116,54.92065194753632,58.86753322573688,55.73095655162399,65.81811052836399,1739852.347463809,2027041.5526194102,-287189.20515560126,56584150.0,63693807.93166332,49474492.06833668
daily,2023-12-18 09:00:00,56710000.0,58184000.0,55002000.0,58130000.0,9358.51829274,526899459317.0283,57907600.0,57866957.986394994,58306600.0,57820956.22060834,56961850.0,56162023.94496016,,,,,54.921473050366494,60.5468067844312,63.026624522602454,50.24540659709212,57.96279827687315,1654742.3522839546,1952581.712552319,-297839.3602683644,56961850.0,63507849.34954247,50415850.65045753
daily,2023-12-19 09:00:00,58099000.0,58944000.0,57260000.0,57845000.0,4742.2058516,276210220545.6467,57729600.0,57859638.65759666,58082900.0,57825327.81686136,57318100.0,56322307.37877348,,,,,52.32523474045807,58.95640716855868,61.711622331213604,44.74990723186682,50.24209012686098,1546468.226689659,1871359.0153797872,-324890.78869012813,57318100.0,63172814.55189837,51463385.44810163
daily,2023-12-20 09:00:00,57840000.0,59873000.0,57580000.0,59351000.0,6248.37736262,367164134039.18427,57994200.0,58356759.105064444,58034500.0,58102722.75925021,57756350.0,56610754.295080766,,,,,63.08364482094795,64.29373883450315,65.68414728641163,55.882126614720306,50.29248014789308,1564151.2539113387,1809917.4630860975,-245766.20917475875,57756350.0,62736082.45001016,52776617.54998984
daily,2023-12-21 09:00:00,59350000.0,60000000.0,58924000.0,59479000.0,4490.29798433,267069048287.66504,58303000.0,58730839.403376296,58287400.0,58352954.98484108,58144850.0,56883920.55269212,,,,,63.89162237146879,64.71374347485127,65.99896998658389,65.30720099256112,55.31307827971608,1570391.2182142437,1762012.2141117267,-191620.99589748308,58144850.0,62278605.232995264,54011094.767004736
daily,2023-12-22 09:00:00,59479000.0,60419000.0,59094000.0,59532000.0,4790.38513967,285751504134.6063,58867400.0,58997892.9355842,58480100.0,58567326.80577906,58491300.0,57136118.59529287,,,,,64.26939762519096,64.89786047190381,66.13404956972118,78.16391950145992,66.45108236958045,1561611.8031442761,1721932.1319182366,-160320.32877396047,58491300.0,61735053.842305794,55247546.157694206
daily,2023-12-23 09:00:00,59532000.0,59700000.0,59000000.0,59250000.0,2340.10844959,138939077714.4067,59091400.0,59081928.62372281,58499500.0,58691449.20472832,58768800.0,57337440.63383641,,,,,60.34997027327279,63.01385454748359,64.69805951855452,79.96424782965619,74.4784561078924,1514441.471643366,1680433.9998632628,-165992.52821989683,58768800.0,61111005.67212324,56426594.32787676
daily,2023-12-24 09:00:00,59249000.0,59600000.0,58000000.0,58002000.0,3729.33358016,220016987575.62384,59122800.0,58721952.41581521,58426200.0,58566094.80386862,58822900.0,57400732.002042465,,,,,45.898066856305896,55.355076241928074,58.76845952162965,72.47553996677128,76.86790243262912,1360670.511388883,1616481.302168387,-255810.790779504,58822900.0,61031473.714556865,56614326.285443135
daily,2023-12-25 09:00:00,58002000.0,58659000.0,57464000.0,58042000.0,4687.20889184,272132952454.451,58861000.0,58495301.610543475,58427600.0,58470804.83952887,58713650.0,57461805.14470509,,,,,46.37822179207373,55.54158854399127,58.895242496448994,63.306873423173954,71.91555373986715,1227879.354364559,1538760.9126076214,-310881.55824306235,58713650.0,60844581.92116302,56582718.07883698
daily,2023-12-26 09:00:00,58042000.0,58140000.0,56349000.0,57032000.0,4735.23025583,270822789242.3728,58371600.0,58007534.40702899,58337300.0,58209203.95961453,58549550.0,57420871.32139984,,,,,36.76601077325379,49.8756714192458,54.45582111672168,49.65848255491969,61.81363198162165,1029277.9708912075,1436864.3242643387,-407586.35337313125,58549550.0,60667015.563008346,56432084.436991654
daily,2023-12-27 09:00:00,57032000.0,58212000.0,56349000.0,57920000.0,3965.8428233,227009564284.49377,58049200.0,57978356.27135266,58458300.0,58156621.4215028,58483050.0,57468407.386028424,,,,,47.852227134245176,54.29069302380105,57.41890452225438,49.1538982216479,54.03975139991385,932786.5397267044,1336048.7673568118,-403262.22763010743,58483050.0,60591411.5464446,56374688.4535554
daily,2023-12-28 09:00:00,57920000.0,58468000.0,56700000.0,56907000.0,3958.81673633,226957310350.44257,57580600.0,57621237.51423512,58336000.0,57929417.526684105,58321300.0,57414940.015930474,,,,,38.799115705152964,48.989557088477795,53.26781888697918,42.169712633068734,46.99403113654544,765748.677250512,1221988.7493355519,-456240.0720850399,58321300.0,60389770.17967639,56252829.82032361
daily,2023-12-29 09:00:00,56904000.0,57300000.0,56000000.0,56450000.0,4273.27071779,241957208417.80063,57270200.0,57230825.00949008,58196500.0,57660432.52183245,58139700.0,57323040.96679424,,,,,35.285564225929804,46.77079983416942,51.50403999571584,38.58839456033474,43.30400180501713,589696.2359685823,1095530.246662158,-505834.0106935757,58139700.0,60195005.340358265,56084394.659641735
daily,2023-12-30 09:00:00,56450000.0,57150000.0,56101000.0,56639000.0,2301.72482929,130136720731.60126,56989600.0,57033550.00632672,57925300.0,57474717.51786291,57979900.0,57257894.20805193,,,,,37.99478923171782,47.82327861980037,52.1914560123071,30.705802719832622,37.15463663774536,460120.1496540457,968448.2272605357,-508328.07760649,57979900.0,59976353.054794915,55983446.945205085
daily,2023-12-31 09:00:00,56639000.0,57437000.0,56452000.0,57047000.0,2308.38316024,131519480295.09232,56992600.0,57038033.33755115,57682100.0,57396950.69643329,57984750.0,57237809.04538032,,,,,43.90882063714379,50.11628489275245,53.67969658275904,31.567288166882037,33.62049514901647,385903.8979870528,851939.3614058392,-466035.4634187864,57984750.0,59971114.346183605,55998385.653816395
daily,2024-01-01 09:00:00,57045000.0,58847000.0,57045000.0,58839000.0,3165.32092908,182491217914.30185,57176400.0,57638355.55836744,57612800.0,57659141.47889996,58046450.0,57390303.422010764,,,,,62.32311438707757,58.701075791051494,59.49466068505216,44.07216871323419,35.448419866649616,466311.06379796565,774813.7018842646,-308502.63808629895,58046450.0,60059627.68975475,56033272.31024525
daily,2024-01-02 09:00:00,58839000.0,60997000.0,58814000.0,60206000.0,8221.19868374,495038780463.7768,57836200.0,58494237.038911626,57708400.0,58122206.664554514,58103950.0,57658465.00086688,,,,,70.84219338443017,63.81665524018128,63.195470142032164,62.05577655069527,45.89841114360383,633042.4778800458,746459.4570834208,-113416.97920337506,58103950.0,60296259.09029005,55911640.90970995
daily,2024-01-03 09:00:00,60205000.0,60799000.0,54346000.0,58581000.0,16310.30692586,945841183535.2499,58262400.0,58523158.02594109,57766300.0,58205623.63463551,58096250.0,57746325.4769748,,,,,53.93059961044434,55.08218119359167,56.72637374848943,70.69681402068625,58.941586428205234,626828.7142363042,722533.3085139976,-95704.59427769342,58096250.0,60280292.979623355,55912207.020376645
daily,2024-01-04 09:00:00,58581000.0,60162000.0,57319000.0,59477000.0,6254.53768656,366025648066.8456,58830000.0,58841105.35062739,57909800.0,58436782.97379269,58168700.0,57911151.62202482,,,,,60.063476287772005,58.4583617739239,59.147514834946776,74.99714382832074,69.24991146656743,686292.817202203,715285.2102516387,-28992.39304943569,58168700.0,60437691.90228426,55899708.09771574
daily,2024-01-05 09:00:00,59477000.0,59695000.0,57577000.0,59351000.0,4822.3896766,284352418527.13806,59290800.0,59011070.233751595,58141700.0,58603004.25128493,58239500.0,58048280.03897484,,,,,58.77970285646029,57.80042335506483,58.66288288269048,72.0242570039593,72.5727382843221,715009.2190449685,715230.0120103046,-220.7929653361207,58239500.0,60565440.89620341,55913559.10379659
daily,2024-01-06 09:00:00,59351000.0,59518000.0,58651000.0,59329000.0,2482.6262327,146681858163.83517,59388800.0,59117046.82250106,58282600.0,58735003.478324026,58370450.0,58170253.368596286,,,,,58.52489226997691,57.678359151381265,58.574893861317754,75.77306670676089,74.26482251301364,727604.58551386,717704.9267110158,9899.658802844235,58370450.0,60627704.36152675,56113195.63847325
daily,2024-01-07 09:00:00,59329000.0,59879000.0,58630000.0,59108000.0,3285.09256035,195332894541.23975,59169200.0,59114031.21500071,58502700.0,58802821.027719654,58419350.0,58259562.571587116,,,,,55.695292864242454,56.39006749674017,57.662634232120205,73.92372074374781,73.90701481815601,711551.3303483054,716474.2074384737,-4922.877090168302,58419350.0,60696953.84476408,56141746.15523592
daily,2024-01-08 09:00:00,59105000.0,63410000.0,57801000.0,63010000.0,11161.48689391,677313414712.9883,60055000.0,60412687.47666715,59158700.0,59567762.65904336,58677600.0,58711985.18381692,,,,,77.80240558247017,69.39006730619006,67.14798250939535,80.7020859124857,76.79962445433146,1002135.8018812984,773606.5263270386,228529.27555425977,58677600.0,61722901.98312433,55632298.01687567
daily,2024-01-09 09:00:00,63011000.0,64385000.0,60748000.0,62014000.0,9882.55128738,617115004717.8223,60562400.0,60946458.31777811,59696200.0,60012533.08467183,58810750.0,59026462.78535816,,,,,67.73708681733375,64.1346476475688,63.34434872083965,81.18910100258934,78.60496921960761,1138928.3559099287,846670.8922436167,292257.46366631193,58810750.0,62194126.505644515,55427373.494355485
daily,2024-01-10 09:00:00,62001000.0,65000000.0,59730000.0,63621000.0,16442.71360776,1023312951596.1451,61416400.0,61837972.21185208,60353600.0,60668617.97836786,59017850.0,59464037.75818119,,,,,74.0552089121393,68.3055882899285,66.55398584544868,86.34185056853711,82.7443458278707,1361316.5010217056,949600.0139992347,411716.4870224709,59017850.0,63023333.41388993,55012366.58611007
daily,2024-01-11 09:00:00,63621000.0,66779000.0,62246000.0,63550000.0,14392.35118741,923979801876.3722,62260600.0,62408648.141234726,60824700.0,61192505.61866461,59218750.0,59853177.019306794,,,,,73.31514809234743,67.92971122135295,66.28473301535747,79.155802902917,82.22891815801448,1514374.8312258422,1062554.977444556,451819.85378128616,59218750.0,63706800.326906115,54730699.673093885
daily,2024-01-12 09:00:00,63560000.0,63820000.0,58200000.0,59435000.0,11517.51602146,705250093415.7546,62326000.0,61417432.09415649,60747600.0,60872959.14254376,59228000.0,59813350.63651568,,,,,43.751296696781964,50.56296963747221,53.18950789018215,67.33889706646283,77.61218351263898,1288772.3853034303,1107798.459016331,180973.92628709925,59228000.0,63717083.97642195,54738916.02357805
daily,2024-01-13 09:00:00,59430000.0,59860000.0,58174000.0,58968000.0,5542.07595015,326997534585.3025,61517600.0,60600954.729437664,60786300.0,60526602.93480853,59276300.0,59732841.052085616,,,,,41.5338009170283,49.03096274564507,51.96614225856145,50.71181533016971,65.73550509984985,1060077.906186968,1098254.3484504584,-38176.44226349029,59276300.0,63730494.290659904,54822105.709340096
daily,2024-01-14 09:00:00,58968000.0,59254000.0,57312000.0,57391000.0,3950.54738176,230963494089.2534,60593000.0,59530969.81962511,60577700.0,59956493.310297884,59243750.0,59509808.5709346,,,,,34.62074745894114,44.16462558592499,48.04775366589378,34.19930829244752,50.75000689636002,743020.0902844742,1027207.4968172617,-284187.4065327875,59243750.0,63745187.00447569,54742312.99552431
daily,2024-01-15 09:00:00,57380000.0,59340000.0,57332000.0,58354000.0,3967.32180816,231794647049.94147,59539600.0,59138646.546416745,60478000.0,59665130.89024372,59309850.0,59399731.56417892,,,,,41.55153707999584,47.58568758282631,50.44366161388005,31.301107268291375,38.737410296969536,562966.016967319,934359.2008472732,-371393.1838799543,59309850.0,63712274.56045828,54907425.43954172
daily,2024-01-16 09:00:00,58416000.0,59577000.0,58169000.0,59196000.0,3748.9674189,220847570069.63248,58668800.0,59157764.36427783,60464700.0,59579834.36474486,59373650.0,59380328.558066644,,,,,47.25521372221086,50.444675525160285,52.45660291620214,31.912383710019032,32.47093309025264,482650.53483032435,844017.4676438835,-361366.9328135592,59373650.0,63727988.297666624,55019311.702333376
daily,2024-01-17 09:00:00,59218000.0,59300000.0,58269000.0,58776000.0,2837.33448993,166684664128.92538,58537000.0,59030509.57618523,60431500.0,59433682.66206397,59467100.0,59322773.45729839,,,,,44.71583688778146,49.008666405694974,51.36386479706357,28.903374040775606,30.705621673028674,380720.73503831774,751358.1211227704,-370637.3860844526,59467100.0,63676348.20890981,55257851.79109019
daily,2024-01-18 09:00:00,58776000.0,58900000.0,56754000.0,57284000.0,4268.88383965,247274595060.62836,58200200.0,58448339.71745682,59858900.0,59042831.26896143,59508800.0,59128604.556603305,,,,,36.571027783541865,44.19556740147001,47.66060394529272,19.9200386582207,26.911932136338446,177502.56443160027,636587.0097845363,-459084.44535293605,59508800.0,63607263.51697803,55410336.48302197
daily,2024-01-19 09:00:00,57281000.0,58180000.0,55935000.0,57739000.0,5634.88177074,319935326045.1161,58269800.0,58211893.14497122,59431400.0,58805771.03824116,59563800.0,58996261.26549823,,,,,40.43137597292301,45.9392258856366,48.84167173869497,12.462318320367315,20.428577006454542,52559.52404820174,519781.51263726945,-467221.9885890677,59563800.0,63527413.58783676,55600186.41216324
daily,2024-01-20 09:00:00,57738000.0,57796000.0,57242000.0,57517000.0,2127.46454183,122466062930.22649,58102400.0,57980262.096647486,58821000.0,58571449.03128822,59587300.0,58855379.24021268,,,,,39.077575136249884,45.1971807246843,48.283489966219584,12.170474465502295,14.85094381469677,-63638.69305045903,403097.4714997238,-466736.1645501828,59587300.0,63493237.94113526,55681362.05886474
daily,2024-01-21 09:00:00,57550000.0,57942000.0,57350000.0,57387000.0,2003.6715815,115423278977.731,57740600.0,57782508.06443166,58204700.0,58356094.66196309,59514700.0,58715533.59828766,57399833.333333336,57399833.333333336,,,38.203642030958015,44.7414256176144,47.94657338769124,14.871511127505224,13.168101304458277,-164322.32532945275,289613.5121338885,-453935.83746334125,59514700.0,63531601.665397555,55497798.334602445
daily,2024-01-22 09:00:00,57392000.0,57543000.0,54659000.0,54689000.0,6334.41138362,354946267211.27905,56923200.0,56751338.70962111,57730100.0,57689350.1779698,59238850.0,58332054.20797455,57479166.666666664,57310953.55191257,,,24.78347006092114,36.512470495785244,41.61816436396175,9.408710144345308,12.150231912450941,-456557.965145424,140379.21667802602,-596937.18182345,59238850.0,63779456.046959385,54698243.953040615
daily,2024-01-23 09:00:00,54689000.0,55576000.0,53125000.0,55389000.0,7696.9657732,417612365974.9237,56544200.0,56297225.806414075,57372200.0,57271104.6910662,59079250.0,58051763.331024595,57558966.666666664,57247938.681358054,,,32.01257894097004,39.615603456161914,43.64453281196756,10.072879800305378,11.451033690718637,-624474.1163956001,-12591.44993669921,-611882.6664589009,59079250.0,63930953.4610211,54227546.5389789
daily,2024-01-24 09:00:00,55389000.0,55850000.0,54446000.0,55200000.0,3615.04171313,199193987331.73764,56036400.0,55931483.87094272,57153100.0,56894540.20178144,58865400.0,57780166.82330797,57636750.0,57180793.150821716,,,31.071882308760237,39.06046941127698,43.21925666456549,10.675252745722792,10.05228089679116,-763992.7634845302,-162871.7126462654,-601121.0508382648,58865400.0,64011397.21398251,53719402.78601749
daily,2024-01-25 09:00:00,55200000.0,55586000.0,54760000.0,55101000.0,2868.41775244,158151643849.23672,55553200.0,55654655.91396182,56827800.0,56568441.98327571,58652900.0,57525008.078231014,57718266.666666664,57112603.21145051,,,30.523748024760238,38.7541266557242,42.98886865042919,16.751385604450462,12.499839383492878,-872493.2104803026,-304796.01221307286,-567697.1982672297,58652900.0,64058898.418910526,53246901.581089474
daily,2024-01-26 09:00:00,55101000.0,58146000.0,54957000.0,57503000.0,5241.71188424,297208668227.302,55576400.0,56270770.609307885,56658500.0,56738361.62268013,58561600.0,57522912.07078044,57838733.333333336,57125403.10615705,,,53.66238165588505,49.170339729715494,49.805445009163726,32.89221571526677,20.10628468848001,-755945.2050156817,-395025.85077359463,-360919.35424208705,58561600.0,63981181.16074431,53142018.83925569
daily,2024-01-27 09:00:00,57526000.0,58189000.0,57046000.0,58086000.0,2217.23585074,127856613888.00935,56255800.0,56875847.07287193,56589500.0,56983386.782192826,58510500.0,57576539.49261088,57963900.0,57156898.08628305,,,57.65573944257374,51.333760750685855,51.28971254262137,53.45684060931749,34.36681397634491,-609510.782443501,-437922.83710757596,-171587.9453359251,58510500.0,63927660.89944966,53093339.10055034
daily,2024-01-28 09:00:00,58084000.0,58880000.0,57400000.0,57855000.0,2804.05316336,163353578683.5286,56749000.0,57202231.38191462,56646600.0,57141861.912703216,58252750.0,57603059.54093365,58082816.666666664,57179786.673618026,,,55.44686160098883,50.418092082870146,50.66639647649426,71.7350666210708,52.694707648551685,-506264.31709557027,-451591.1331051749,-54673.183990395395,58252750.0,63242154.17811902,53263345.82188098
daily,2024-01-29 09:00:00,57855000.0,59210000.0,57561000.0,59101000.0,3400.58213496,198470118247.67715,57529200.0,57835154.25460975,56782800.0,57498068.83766626,58107100.0,57745720.53703521,58224733.333333336,57242777.27448301,,,64.10165060191882,55.073216998706954,53.843328350405734,80.9413101880554,68.71107247281456,-320207.80644296855,-425314.46777273365,105106.6613297651,58107100.0,62795169.5117893,53419030.4882107
daily,2024-01-30 09:00:00,59129000.0,59863000.0,58600000.0,58965000.0,4111.4027948,243788049861.6119,58302000.0,58211769.50307317,56927600.0,57764783.594454214,57874300.0,57861842.390650906,58345666.666666664,57299243.593352415,,,62.554250353791765,54.472060621162385,53.44885863804846,84.20188238789774,78.95941973234132,-181636.9470263347,-376578.9636234539,194942.01659711922,57874300.0,61811824.26091105,53936775.73908895
daily,2024-01-31 09:00:00,58966000.0,59848000.0,58221000.0,58738000.0,3372.05512523,198864403810.88028,58549000.0,58387179.66871545,57062700.0,57941732.03182617,57633700.0,57945285.97249368,58447916.666666664,57346415.934553966,,,59.745751714985,53.423837521111125,52.77128626025423,87.53289891159018,84.2253638291811,-89108.35976799577,-319084.8428523623,229976.48308436654,57633700.0,60572339.21963174,54695060.78036826
daily,2024-02-01 09:00:00,58730000.0,59302000.0,57804000.0,59150000.0,2757.18048169,161060109648.93842,58761800.0,58641453.11247697,57508800.0,58161417.11694868,57619450.0,58060020.64178,58538750.0,57405549.83833908,,,63.24042091330726,55.11219472643416,53.885367014641915,86.46482635796974,86.06653588581922,17267.1243776381,-251814.44940636226,269081.57378400036,57619450.0,60523875.840533346,54715024.159466654
daily,2024-02-02 09:00:00,59150000.0,59531000.0,58551000.0,59299000.0,2278.87315759,134728620635.56172,59050600.0,58860635.40831798,57899800.0,58368250.368412554,57636000.0,58178018.67589618,58578400.0,57467630.17150829,,,64.53932531225085,55.73710006101566,54.29477354953901,88.11714653210646,87.37162393388878,112299.00370110571,-178991.75878486867,291290.76248597435,57636000.0,60576331.09485452,54695668.90514548
daily,2024-02-03 09:00:00,59295000.0,59485000.0,59120000.0,59260000.0,1168.38699158,69320649322.95328,59082400.0,58993756.938878655,58305800.0,58530386.66506481,57729450.0,58281064.51628702,58562283.333333336,57526396.39539326,,,63.85036348508769,55.519232617643894,54.16261863901108,90.69951518749383,88.42716269252334,182363.3079721853,-106720.7454334579,289084.0534056432,57729450.0,60754574.30192632,54704325.69807368
daily,2024-02-04 09:00:00,59262000.0,59324000.0,58633000.0,58811000.0,1272.47453255,75191501973.40013,59051600.0,58932837.95925244,58676800.0,58581407.271416664,57752300.0,58331534.56235492,58537233.333333336,57568514.546363965,,,55.843347323815884,52.95294964728332,52.61450858748934,89.02245968140893,89.27970713366973,199361.1155011207,-45504.373246542185,244865.48874766286,57752300.0,60804073.813788675,54700526.186211325
daily,2024-02-05 09:00:00,58814000.0,59800000.0,58311000.0,58882000.0,2801.14722486,165309802322.86816,59080400.0,58915891.97283496,58814700.0,58636060.49479545,57736600.0,58383959.842130646,58531100.0,57611579.64320449,,,56.84180441852613,53.32038844536109,52.83832539738877,86.95953299693282,88.89383595527852,216070.3821918741,6810.577841141065,209259.80435073303,57736600.0,60760202.20162708,54712997.79837292
daily,2024-02-06 09:00:00,58882000.0,59400000.0,58650000.0,59039000.0,2068.07481117,121948276958.82838,59058200.0,58956927.98188998,58910000.0,58709322.22301446,57749750.0,58446344.61907058,58512716.666666664,57658380.3106404,,,59.22062621417591,54.17270865710277,53.34992507355428,84.8721568272466,86.95138316852945,239223.56399013847,53293.17507094055,185930.38891919793,57749750.0,60794598.75607449,54704901.24392551
daily,2024-02-07 09:00:00,59020000.0,60373000.0,58745000.0,60232000.0,4016.91251278,238381737380.20325,59244800.0,59381951.98792666,59147700.0,58986172.72792092,57897150.0,58616407.036301956,58515216.666666664,57742761.28406203,,,72.60623104456191,60.129981195904236,57.065905688010446,89.23912878422834,87.02360620280258,349805.41794615984,112595.62364598442,237209.79430017542,57897150.0,61126875.44213574,54667424.55786426
daily,2024-02-08 09:00:00,60242000.0,62200000.0,60232000.0,62011000.0,4403.57321568,269421771730.88812,59795000.0,60258301.32528445,59438700.0,59536141.322844386,58110750.0,58939701.6042732,58551483.333333336,57882703.5370436,,,82.56348274144595,67.01571910798916,61.82695521626343,93.22239558317284,89.11122706488258,574371.7659977898,204950.85211634552,369420.91388144426,58110750.0,61825134.60582638,54396365.39417362
daily,2024-02-09 09:00:00,62011000.0,64955000.0,61717000.0,63682000.0,8059.0341961,512755906366.25,60769200.0,61399534.2168563,59910400.0,60289933.80959995,58419000.0,59391349.070532896,58663683.333333336,58072844.40468151,,,87.53040478647252,71.92106719470996,65.59027712872819,92.9276570172728,91.79639379489133,877067.6595881134,339374.2136106991,537693.4459774143,58419000.0,62875102.33275673,53962897.66724327
daily,2024-02-10 09:00:00,63682000.0,64890000.0,63062000.0,64549000.0,3520.61476764,225319150684.7367,61902600.0,62449356.14457087,60491500.0,61064309.480581775,58777100.0,59882553.92095833,58779416.666666664,58285177.37501982,,,89.36433097037524,74.0753515026956,67.34418601162723,91.9736907177575,92.70791443940102,1173389.8820923492,506177.3473070292,667212.53478532,58777100.0,63973600.68087321,53580599.31912679
daily,2024-02-11 09:00:00,64549000.0,65500000.0,64256000.0,65230000.0,3675.68043315,238873276592.43555,63140800.0,63376237.42971392,61099500.0,61821707.75683963,59304150.0,60391834.49991468,58882316.666666664,58512876.477478184,,,90.62749559034023,75.65528843663499,68.66159334900777,91.70985201126818,92.20373324876614,1446503.9893866405,694242.6757229515,752261.313663689,59304150.0,64879262.26320765,53729037.73679235
daily,2024-02-12 09:00:00,65231000.0,67444000.0,64887000.0,67002000.0,6674.5189116,441592898902.0397,64494800.0,64584824.95314262,61869800.0,62763579.07377788,59884800.0,61021374.07135138,59020100.0,58791208.39624939,,,93.11120925600811,79.20635483328316,71.77282846199853,95.54669369958062,93.0767454762021,1785354.0279860198,912464.9461755652,872889.0818104546,59884800.0,66122618.80231594,53646981.19768406
daily,2024-02-13 09:00:00,67002000.0,67698000.0,65800000.0,67309000.0,6757.73223342,452457508733.7282,65554400.0,65492883.302095085,62674700.0,63590019.2421819,60490250.0,61620195.58836554,59174783.333333336,59070480.252110064,,,93.46143630112815,79.75726735033402,72.2735702403356,96.02744329630968,94.42799633571947,2054978.9410996586,1140967.745160384,914011.1959392745,60490250.0,67149858.36133145,53830641.63866855
daily,2024-02-14 09:00:00,67309000.0,70300000.0,66800000.0,70199000.0,8040.24948851,555788800123.2118,66857800.0,67061588.86806339,63813500.0,64791652.10723973,61245150.0,62437224.579949774,59379183.333333336,59435349.75204088,,,95.8041973581775,84.04317371739876,76.40997988776175,96.89166778449389,96.15526826012807,2473346.2782559246,1407443.4517794922,1065902.8264764324,61245150.0,68707090.6612207,53783209.33877929
daily,2024-02-15 09:00:00,70195000.0,72216000.0,70190000.0,71253000.0,8360.6265065,596093200995.1085,68198600.0,68458725.91204226,65050600.0,65966442.633196145,61932650.0,63276822.239002176,59621566.666666664,59822813.69459692,,,96.35924099416721,85.26822968485472,77.68483758686763,96.11149975036784,96.3435369437238,2857020.4452215955,1697358.8504679129,1159661.5947536826,61932650.0,70407788.9064847,53457511.093515314
daily,2024-02-16 09:00:00,71253000.0,72500000.0,70782000.0,72128000.0,4895.5305616,351583502414.54065,69578200.0,69681817.27469485,66359500.0,67086725.790796846,62634750.0,64119791.5495734,59854866.666666664,60226262.425921604,,,96.77272800943607,86.21443647952667,78.68875715422304,96.54814192394046,96.51710315293406,3194861.79603263,1996859.4395808564,1198002.3564517736,62634750.0,72043284.30891897,53226215.69108104
daily,2024-02-17 09:00:00,72134000.0,72267000.0,69595000.0,71530000.0,6239.93681452,443405034028.45605,70483800.0,70297878.1831299,67489300.0,67894593.82883377,63318500.0,64825525.68770927,60082950.0,60596876.7726127,,,88.73718022132684,82.32282733486272,76.22785143274201,94.53880092932496,95.73281420121107,3375439.9279098436,2272575.537246654,1102864.3906631898,63318500.0,73238194.8276489,53398805.17235111
daily,2024-02-18 09:00:00,71500000.0,72158000.0,70669000.0,71964000.0,3622.39704322,258754010038.3827,71414800.0,70853252.12208661,68484600.0,68634485.85995491,63961650.0,65505380.38411791,60293166.666666664,60969569.33744507,,,89.47701825920429,82.92521717548202,76.78120138823918,95.58813165127917,95.55835816818153,3513073.0519970134,2520675.040196726,992398.0118002873,63961650.0,74385167.6055727,53538132.39442729
daily,2024-02-19 09:00:00,71968000.0,72412000.0,71728000.0,71755000.0,3590.53994514,258718607451.79404,71726000.0,71153834.74805775,69291900.0,69201852.06723583,64601150.0,66100582.252297156,60497766.666666664,61323190.014905885,,,86.29234317859976,81.4851441583945,75.88799793236629,94.6690276081224,94.9319867295755,3564197.8865154833,2729379.6094604777,834818.2770550055,64601150.0,75299666.9119738,53902633.088026196
daily,2024-02-20 09:00:00,71755000.0,73100000.0,71010000.0,72191000.0,5210.9537578,374956852709.30115,71913600.0,71499556.49870518,70056100.0,69745333.50955658,65273800.0,66680622.03779267,60708750.0,61679511.653761424,,,87.38510209603976,82.18036315578406,76.48714085817868,94.83702534990847,95.03139486977,3598415.9433431625,2903186.876237015,695229.0671061478,65273800.0,76110937.79653339,54436662.20346661
daily,2024-02-21 09:00:00,72160000.0,72465000.0,71100000.0,72397000.0,3784.15692927,271810716263.94452,71967400.0,71798704.33247012,70772800.0,70227454.6896372,65936150.0,67225038.98657432,60927866.666666664,62030904.71429384,,,87.91610348166499,82.51443991077466,76.77346086551755,94.27516192932889,94.59373829578658,3600650.4215603694,3042679.5853016856,557970.8362586838,65936150.0,76816569.79211426,55055730.20788575
daily,2024-02-22 09:00:00,72397000.0,72399000.0,71458000.0,71601000.0,2956.43290437,212441719114.15668,71981600.0,71732802.88831341,71232700.0,70477190.20061225,66551250.0,67641797.17832914,61154516.666666664,62344678.33021863,,,73.89398480923114,76.54294447133769,73.15895531431957,91.6785955758681,93.5969276183685,3497869.4523965344,3133717.5587206557,364151.89367587864,66551250.0,77241073.94370311,55861426.056296885
daily,2024-02-23 09:00:00,71600000.0,71835000.0,70657000.0,70805000.0,2937.89362228,209597391438.7119,71749800.0,71423535.25887561,71582300.0,70536791.9823191,67128500.0,67943054.58991684,61367233.333333336,62622065.925949164,,,62.30118573443571,71.00880575431758,69.71276403617134,86.1683183284678,90.7073586112216,3313982.7164146453,3169770.590259454,144212.1261551911,67128500.0,77399166.52887574,56857833.47112426
daily,2024-02-24 09:00:00,70804000.0,71467000.0,70542000.0,71107000.0,2768.92244263,196504422512.8034,71620200.0,71318023.50591707,71673100.0,70640466.16735199,67743300.0,68244382.72421047,61601816.666666664,62900260.48575411,,,64.74906781294385,71.84065752319842,70.2706437421281,80.47768913721923,86.10820101385171,3156236.8951591477,3167063.851239393,-10826.95608024532,67743300.0,77369463.71310914,58117136.28689087
daily,2024-02-25 09:00:00,71107000.0,71595000.0,70907000.0,71256000.0,1867.42810931,132976936582.42847,71433200.0,71297349.00394472,71673400.0,70752381.40965162,68362000.0,68531203.41714281,61824083.333333336,63174219.15835233,,,66.01912555943704,72.26351620480293,70.5516464886306,77.38320597758822,81.34307114775841,3008564.392521262,3135363.959495767,-126799.56697450485,68362000.0,77143679.63792564,59580320.36207436
daily,2024-02-26 09:00:00,71254000.0,75000000.0,70000000.0,74742000.0,6152.52849944,445753506046.4029,71902200.0,72445566.00262982,71934800.0,71477766.60789678,69147150.0,69122707.85360539,62121333.333333336,63553490.661357164,,,82.86756846540425,79.87709969996709,76.10092544456101,84.06946341671086,80.64345284383943,3136666.398801878,3135624.447356989,1041.9514448889531,69147150.0,77196561.51886272,61097738.481137276
daily,2024-02-27 09:00:00,74741000.0,79183000.0,74554000.0,78619000.0,10168.66847875,789427020915.4601,73305800.0,74503377.33508655,72643700.0,72776172.67918827,70066500.0,70027116.6294525,62490816.666666664,64047441.7872143,,,89.57462637501315,84.85598260330458,80.41149411109677,90.06293697112194,83.83853545514033,3510562.08578752,3210611.9750430956,299950.11074442416,70066500.0,78028235.15867251,62104764.84132749
daily,2024-02-28 09:00:00,78621000.0,88424000.0,78082000.0,87634000.0,19254.09747335,1605842409329.8965,76671600.0,78880251.55672437,74210700.0,75477595.82842676,71347650.0,71703962.66474274,63007400.0,64820771.56468268,,,94.94407921161978,90.64940502724714,86.40031727282265,96.1484550623007,90.09361848337782,4482639.195696086,3465017.4191736938,1017621.7765223919,71347650.0,81729799.62580638,60965500.37419362
daily,2024-02-29 09:00:00,87695000.0,90000000.0,85244000.0,85910000.0,14269.12684354,1247891807737.9043,79632200.0,81223501.03781626,75626200.0,77374396.58689462,72459050.0,73056918.6014339,63488450.0,65512221.67731603,,,85.15853657558921,84.02907142590733,81.40295127002557,90.40186872547645,92.20442025296636,5055626.798095152,3783139.2949579856,1272487.5031371661,72459050.0,84072051.28893656,60846048.711063445
daily,2024-03-01 09:00:00,85911000.0,88500000.0,85910000.0,87397000.0,6256.97193595,545793423395.0005,82860400.0,83281334.02521084,77146800.0,79196688.11655013,73601450.0,74422640.63939258,63964416.666666664,66229755.39281387,,,86.55316234254904,85.04367896566684,82.3286274930688,87.66785341362696,91.4060590671347,5565555.810822666,4139622.598130922,1425933.2126917439,73601450.0,86375316.81718414,60827583.182815865
daily,2024-03-02 09:00:00,87397000.0,87724000.0,86090000.0,86383000.0,5481.66253212,475836197640.3118,85188600.0,84315222.6834739,78545400.0,80503290.27717738,74659100.0,75561722.48325995,64400700.0,66890517.51108226,,,80.5327367544365,81.25298342796005,79.49545091921087,83.03807195948707,87.03593136619683,5820758.817252234,4475849.841955184,1344908.9752970496,74659100.0,88004549.2444744,61313650.75552561
daily,2024-03-03 09:00:00,86382000.0,87993000.0,85000000.0,87982000.0,6017.57168637,520339172689.89,87061200.0,85537481.7889826,80183500.0,81863055.68132694,75708100.0,76744606.0562828,64890716.666666664,67582041.52711235,,,82.74129905527033,82.57219583719043,80.60081671319479,86.3561075716736,85.6873443149292,6081926.3144007325,4797065.136444294,1284861.1779564386,75708100.0,89796843.45598006,61619356.54401994
daily,2024-03-04 09:00:00,87978000.0,95586000.0,87302000.0,95500000.0,13254.11820787,1211101233989.3242,88634400.0,88858321.19265507,82653000.0,84342500.10290386,77117650.0,78530834.05092253,65491100.0,68497384.42786276,,,89.36163743446482,87.15052092640879,84.67840173672178,90.4962928945517,86.63015747523745,6816961.517985448,5201044.412752525,1615917.1052329233,77117650.0,93172018.73515151,61063281.264848486
daily,2024-03-05 09:00:00,95500000.0,97000000.0,88024000.0,91275000.0,22134.5823534,2068791243827.417,89707400.0,89663880.79510339,84669800.0,85602954.62964861,78171450.0,79744564.14131087,66023166.666666664,69244191.49580169,,,71.4034512627542,75.1951546043919,75.33452071713427,89.45672499331715,88.76970848651415,6978120.591814101,5556459.64856484,1421660.943249261,78171450.0,95058885.6343781,61284014.3656219
daily,2024-03-06 09:00:00,91284000.0,94917000.0,88233000.0,93325000.0,12290.20386486,1132969096241.1963,90893000.0,90884253.86340226,86876700.0,87006962.8788034,79275050.0,81037938.98499554,66589766.666666664,70033726.20085737,,,74.32429103231327,76.85426650976585,76.64734716491176,88.28302128961343,89.41201305916076,7188394.845191926,5882846.687890257,1305548.157301669,79275050.0,97116677.89923432,61433422.100765675
daily,2024-03-07 09:00:00,93325000.0,95678000.0,92670000.0,94060000.0,5792.49252841,544938284330.71326,92428400.0,91942835.90893485,88808500.0,88289333.26447551,80371650.0,82278135.27213883,67172300.0,70821472.88279647,,,75.37631916151908,77.43697931011458,77.10608090028362,84.76543209876543,87.501726127232,7329853.079659566,6172247.966244119,1157605.113415447,80371650.0,99040516.85338652,61702783.146613486
daily,2024-03-08 09:00:00,94044000.0,98543000.0,94000000.0,96237000.0,8721.93321965,835209405680.1185,94079400.0,93374223.9392899,90570300.0,89734363.5800254,81607000.0,83607550.96050656,67726083.33333333,71654768.85385232,,,78.4303035996767,79.11420102677538,78.42419170509636,89.14032045218325,87.39625794685402,7530814.909175098,6443961.354830315,1086853.5543447826,81607000.0,101065533.8550846,62148466.144915394
daily,2024-03-09 09:00:00,96237000.0,96420000.0,95120000.0,95946000.0,3946.68168858,378536088958.2131,94168600.0,94231482.62619327,91401500.0,90863752.02002078,82806100.0,84782641.34522022,68291616.66666667,72451202.66192272,,,76.9421104861181,78.27658620121525,77.79553965952813,90.64450646912196,88.18341967335687,7579228.708263651,6671014.825516983,908213.8827466676,82806100.0,102713129.80726579,62899070.19273421
daily,2024-03-10 09:00:00,95946000.0,98445000.0,95904000.0,97495000.0,5997.98580277,584591822773.3928,95412600.0,95319321.75079551,92560000.0,92069433.47092609,84093100.0,85993342.16948496,68856183.33333333,73272310.77136788,,,79.37275696577632,79.51958787358485,78.74770809835212,93.05025166707541,90.94502619612688,7654353.722270191,6867682.604867625,786671.1174025657,84093100.0,104317557.89683998,63868642.10316003
daily,2024-03-11 09:00:00,97501000.0,101940000.0,95132000.0,100404000.0,14017.56814882,1394027929273.16,96828400.0,97014214.50053035,93860700.0,93584809.20348498,85503750.0,87365785.77239116,69470416.66666667,74161874.3526345,,,83.24299543655006,81.64382420794686,80.40465318804291,93.87369615561613,92.52281809727117,7858040.229286477,7065754.129751395,792286.0995350815,85503750.0,106163770.47051516,64843729.529484846
daily,2024-03-12 09:00:00,100404000.0,102350000.0,99000000.0,101200000.0,8326.93269496,840639249935.1646,98256400.0,98409476.3336869,95342400.0,94969389.3483059,86943900.0,88683329.98454438,70166500.0,75048370.27549894,,,84.18998451724019,82.18823305628564,80.8339847524137,95.32696363634848,94.08363715301334,7991571.934449807,7250917.690691078,740654.2437587287,86943900.0,107771906.6802775,66115893.3197225
daily,2024-03-13 09:00:00,101200000.0,104865000.0,100909000.0,104122000.0,7708.11925332,796117209603.253,99833400.0,100313650.8891246,96956400.0,96633500.37588665,88569950.0,90153679.50982587,70919066.66666667,76001604.03695798,,,87.27078822795708,84.05742254422302,82.32650030150425,95.30409917969511,94.83491965721991,8238212.76402849,7448376.705358561,789836.0586699285,88569950.0,109432303.97199059,67707596.02800941
daily,2024-03-14 09:00:00,104121000.0,105000000.0,100000000.0,102506000.0,10526.11243481,1082636743178.8175,101145400.0,101044433.92608307,97657000.0,97701227.58027089,90155000.0,91330090.98508056,71670983.33333333,76870600.62591018,,,77.52371469339667,79.11273822298281,78.76470364252665,93.01700090563781,94.54935457389381,8208655.433766469,7600432.451040143,608222.9827263262,90155000.0,110132629.51008216,70177370.48991784
daily,2024-03-15 09:00:00,102506000.0,104131000.0,95600000.0,101000000.0,17862.96961701,1768528691395.1565,101846400.0,101029622.61738873,98629500.0,98301004.383858,91649650.0,92251034.70078716,72381750.0,77661728.47424099,,,69.12917093212744,74.70246272256433,75.56561266771361,87.92991777833713,92.08367262122336,7971815.298276082,7674709.020487332,297106.2777887499,91649650.0,110036488.15610904,73262811.84389096
daily,2024-03-16 09:00:00,101010000.0,102407000.0,95700000.0,96767000.0,7805.49537673,773300912136.6715,101119000.0,99608748.41159248,98973700.0,98022094.49588381,92925200.0,92681126.63404553,73007933.33333333,78288130.81934784,,,51.01462945015452,63.91689622049726,67.47717845760292,75.455,85.46730622799164,7357734.675902978,7611314.151570462,-253579.4756674841,92925200.0,108710642.24210863,77139757.75789137
daily,2024-03-17 09:00:00,96769000.0,100299000.0,94300000.0,99922000.0,10512.20194197,1018011483571.2373,100863400.0,99713165.60772833,99559900.0,98367531.86026856,94184200.0,93370733.62127928,73693700.0,78997438.00559874,,,60.105013034767026,67.6642659492661,69.99098784193384,70.04749745733982,77.81080507855897,7044449.46263741,7497941.213783851,-453491.7511464413,94184200.0,107719578.32341212,80648821.67658788
daily,2024-03-18 09:00:00,99934000.0,100233000.0,97623000.0,99040000.0,6061.17057346,601364533012.1357,99847000.0,99488777.07181889,99840200.0,98489798.79476517,95205250.0,93910663.75258602,74389633.33333333,79654571.18574303,,,56.67479459088523,65.61279624215835,68.43823809190216,65.01136801970236,70.17128849234739,6648360.484008968,7328025.067828875,-679664.5838199072,95205250.0,106728071.25312977,83682428.74687023
daily,2024-03-19 09:00:00,99042000.0,99700000.0,92027000.0,92572000.0,14040.62247096,1333253975751.9326,97860200.0,97183184.71454594,99502800.0,97413835.37753513,95452150.0,93783171.96662545,74970183.33333333,80078093.44194818,,,38.081011125745846,52.937567052853026,58.45303042353001,54.02577240530106,63.02821262744774,5746303.757345572,7011680.805732215,-1265377.0483866427,95452150.0,106493452.19770533,84410847.80229467
daily,2024-03-20 09:00:00,92541000.0,100216000.0,89845000.0,99726000.0,14156.97655657,1336501266984.0964,97605400.0,98030789.8096973,99725900.0,97834228.94525601,96142950.0,94349155.5888516,75673666.66666667,80722287.09958921,,,56.49782501838299,61.74120493080872,64.47289029470599,51.98980964498093,57.008983356661446,5544768.672269151,6718298.379039602,-1173529.7067704517,96142950.0,106369265.45469567,85916634.54530433
daily,2024-03-21 09:00:00,99726000.0,99801000.0,96500000.0,98332000.0,3166.94382896,310785050458.09906,97918400.0,98131193.20646487,99518700.0,97924732.77339128,96689700.0,94728474.10419908,76356083.33333333,81299654.73566826,66877958.333333336,66877958.333333336,52.919598640260205,59.40914545460238,62.61662592292368,49.026378981441646,51.6806536772412,5212480.287411332,6417134.760713949,-1204654.4733026167,96689700.0,106082472.63252528,87296927.36747472
hourly,2024-03-16 17:00:00,100318000.0,100318000.0,99802000.0,99886000.0,170.63480529,17066239346.54908,,,,,,,,,,,,,,,,0.0,0.0,0.0,,,
hourly,2024-03-16 18:00:00,99886000.0,100000000.0,99653000.0,99819000.0,168.7460609,16852183435.74157,,,,,,,,,,,,,,,,-5344.72934474051,-1068.945868948102,-4275.783475792408,,,
hourly,2024-03-16 19:00:00,99819000.0,99857000.0,99170000.0,99250000.0,285.85920667,28422221165.01965,,,,,,,,,,,,,,,,-54861.60014936328,-11827.476725031138,-43034.12342433214,,,
hourly,2024-03-16 20:00:00,99261000.0,99340000.0,98142000.0,99084000.0,468.8678374,46354447816.10531,,,,,,,,,,,,,,,,-106273.83111995459,-30716.74760401583,-75557.08351593875,,,
hourly,2024-03-16 21:00:00,99084000.0,99318000.0,98626000.0,98884000.0,248.79697909,24624471003.74534,99384600.0,99384600.0,,,,,,,,,,,,,,-161297.38722375035,-56832.87552796274,-104464.51169578762,,,
hourly,2024-03-16 22:00:00,98884000.0,99378000.0,98730000.0,99017000.0,254.33099033,25203700415.00249,99210800.0,99262066.66666667,,,,,,,,,,,,,,-191959.1774791628,-83858.13591820275,-108101.04156096006,,,
hourly,2024-03-16 23:00:00,99059000.0,99350000.0,98712000.0,99330000.0,176.14612469,17448308214.70627,99113000.0,99284711.11111112,,,,,,,,,,,,,,-188825.71767950058,-104851.65227046232,-83974.06540903826,,,
hourly,2024-03-17 00:00:00,99330000.0,99658000.0,99158000.0,99570000.0,207.90722219,20669422788.71643,99177000.0,99379807.40740742,,,,,,,,,54.526982840946644,,,,,-165073.56863212585,-116896.03554279503,-48177.53308933083,,,
hourly,2024-03-17 01:00:00,99523000.0,99595000.0,99221000.0,99497000.0,93.9218291,9339073513.06322,99259600.0,99418871.60493828,,,,,,,,,50.64590105121771,,,,,-150406.51660205424,-123598.13175464688,-26808.38484740736,,,
hourly,2024-03-17 02:00:00,99497000.0,99912000.0,99159000.0,99185000.0,159.2298256,15854021739.31987,99319800.0,99340914.4032922,99352200.0,99352200.0,,,,,,,37.379495108782116,,,,,-162090.0910331607,-131296.52361034966,-30793.56742281103,,,
hourly,2024-03-17 03:00:00,99249000.0,99800000.0,98989000.0,99643000.0,249.34720813,24780879233.48172,99445000.0,99441609.6021948,99327900.0,99405072.72727272,,,,,,,56.77193486335195,,,,,-132861.0956041813,-131609.43800911598,-1251.657595065306,,,
hourly,2024-03-17 04:00:00,99643000.0,99891000.0,98804000.0,98814000.0,115.15381773,11446373021.94992,99341800.0,99232406.40146321,99227400.0,99297604.95867768,,,,,,,34.324836631505306,,,,,-174577.8530817032,-140203.12102363343,-34374.732058069756,,,
hourly,2024-03-17 05:00:00,98814000.0,99465000.0,98617000.0,99020000.0,135.23480412,13388785876.11309,99231800.0,99161604.26764214,99204400.0,99247131.32982719,,,,,,,41.078784277245795,,,,,-188839.38269421458,-149930.37335774966,-38909.00933646492,,,
hourly,2024-03-17 06:00:00,99040000.0,99120000.0,98112000.0,98112000.0,274.49813653,27025999851.91672,98954800.0,98811736.1784281,99107200.0,99040743.81531315,,,,,,,26.86930037822278,,,,,-270293.9784567952,-174003.0943775588,-96290.88407923642,,,
hourly,2024-03-17 07:00:00,98112000.0,98300000.0,97000000.0,97428000.0,646.33162966,63162663088.21315,98603400.0,98350490.78561874,98961600.0,98747517.66707438,,,,,,,20.605245452415616,23.847229275399584,,,,-385595.510994941,-216321.57770103525,-169273.93329390575,,,
hourly,2024-03-17 08:00:00,97431000.0,97432000.0,95700000.0,96767000.0,1431.6680646,138162350845.80386,98028200.0,97822660.52374583,98736600.0,98387423.54578812,,,,,,,16.31659320466069,20.07099369433679,,13.19968344412789,,-524266.5634279996,-277910.5748464281,-246355.9885815715,,,
hourly,2024-03-17 09:00:00,96769000.0,97836000.0,94334000.0,94376000.0,1335.92077485,128395201996.37544,97140600.0,96673773.68249723,98241200.0,97658073.81019029,,,,,,,8.686659686116023,12.413592108827773,,13.450669460621256,,-817672.469882071,-385862.9538535567,-431809.5160285143,,,
hourly,2024-03-17 10:00:00,94376000.0,96400000.0,94328000.0,96375000.0,1075.47789486,102571148699.28136,96611600.0,96574182.45499817,97921700.0,97424787.66288295,,,,,,,37.28960752960017,34.80743087177408,,20.9145503902615,15.854967765003549,-878766.3000682294,-484443.6230964913,-394322.6769717381,,,
hourly,2024-03-17 11:00:00,96375000.0,97217000.0,95780000.0,96994000.0,452.30468012,43662780318.26742,96388000.0,96714121.63666545,97671400.0,97346462.63326788,,,,,,,43.66463843884984,39.92917595780436,,28.38494017122116,20.91672000736797,-867238.488389954,-561002.5961551839,-306235.8922347701,,,
hourly,2024-03-17 12:00:00,96994000.0,97300000.0,96529000.0,97299000.0,278.2286501,26971917271.04985,96362200.0,96909081.0911103,97482800.0,97337833.06358281,98417500.0,98417500.0,,,,,46.775024020481304,42.33320416004708,,45.869149952244506,31.722880171242384,-823993.1830762923,-613600.7135394055,-210392.46953688678,98417500.0,101295798.72997008,95539201.27002992
hourly,2024-03-17 13:00:00,97299000.0,97344000.0,96235000.0,96402000.0,254.78185243,24658240380.07363,96289200.0,96740054.0607402,97158700.0,97167681.59747684,98243300.0,98225547.61904761,,,,,39.32523658120894,37.571019462492025,,46.03032473734479,40.094804953603486,-852276.8534650207,-661335.9415245285,-190940.9119404921,98243300.0,101168713.23036952,95317886.76963048
hourly,2024-03-17 14:00:00,96402000.0,96700000.0,96001000.0,96153000.0,185.67851474,17887932010.75965,96644600.0,96544369.3738268,96892600.0,96983194.03429922,98060000.0,98028162.13151926,,,,,37.39632432100555,36.34864325918753,35.88277290887539,41.01002865329513,44.30316778096147,-884587.1154109985,-705986.1763018225,-178600.93910917593,98060000.0,101028793.76532838,95091206.23467162
hourly,2024-03-17 15:00:00,96153000.0,96403000.0,94500000.0,94501000.0,663.07678206,63193683841.54409,96269800.0,95863246.24921787,96440700.0,96531886.028063,97822550.0,97692241.92851743,,,,,27.105399120911667,29.49276910361827,30.023288253497125,24.307545367717285,37.11596625278574,-1031604.134138912,-771109.7678692405,-260494.36626967147,97822550.0,101130848.30482142,94514251.69517858
hourly,2024-03-17 16:00:00,94509000.0,95741000.0,94300000.0,95460000.0,839.44764466,79644502518.57532,95963000.0,95728830.83281192,96175500.0,96336997.65932427,97641350.0,97479647.45913482,,,,,38.55671255261874,36.9296851467771,36.35784412297308,18.842810804033018,28.05346160834848,-1058530.811100781,-828593.9765155485,-229936.83458523243,97641350.0,101054072.22102748,94228627.77897252
hourly,2024-03-17 17:00:00,95459000.0,96700000.0,94686000.0,96270000.0,470.02527091,44927139023.51297,95757200.0,95909220.55520795,96059700.0,96324816.26671985,97510650.0,97364442.93921722,,,,,46.79317109474212,42.451064767970315,41.087462300411204,19.69365569443455,20.948003955394952,-1002948.7966281772,-863464.9405380744,-139483.8560901028,97510650.0,100923210.96301821,94098089.03698179
hourly,2024-03-17 18:00:00,96286000.0,96712000.0,95650000.0,95978000.0,340.28076135,32730518476.67411,95672400.0,95932147.0368053,95980800.0,96261758.76367986,97358700.0,97232400.75452988,,,,,44.29585354294797,41.055728484663206,39.9632983468523,29.49024295661636,22.67556981836131,-971265.4656695426,-885025.0455643681,-86240.42010517442,97358700.0,100759462.08796607,93957937.91203393
hourly,2024-03-17 19:00:00,95978000.0,97550000.0,95947000.0,97220000.0,607.87466506,58930120166.90688,95885800.0,96361431.3578702,96265200.0,96435984.44301079,97253200.0,97231219.73028895,,,,,55.959387886044546,48.76912258584002,46.500583454275976,42.768003871028064,30.650634174026322,-836296.8677313775,-875279.4099977701,38982.542266392615,97253200.0,100524936.29100738,93981463.70899262
hourly,2024-03-17 20:00:00,97220000.0,98062000.0,96714000.0,96873000.0,603.53013251,58816133065.49729,96360200.0,96531954.23858014,96315000.0,96515441.81700882,97118350.0,97197103.56549953,,,,,52.384209534352316,46.921683757366424,45.061187068568586,52.46460406181086,41.57428362981843,-748702.7027629316,-849964.0685508024,101261.36578787083,97118350.0,100205113.81549214,94031586.18450786
hourly,2024-03-17 21:00:00,96873000.0,97616000.0,95980000.0,96294000.0,412.43533971,39927758019.47175,96527000.0,96452636.15905343,96245000.0,96475179.66846175,96958200.0,97111093.70211864,,,,,46.58977277244331,43.93126114436474,42.74311687889466,59.30321142928153,51.511939787373485,-717730.6053915024,-823517.3759189425,105786.77052744012,96958200.0,99851646.06781748,94064753.93218252
hourly,2024-03-17 22:00:00,96294000.0,97520000.0,96293000.0,96944000.0,310.53222262,30122526265.55892,96661800.0,96616424.10603562,96209500.0,96560419.72874144,96846150.0,97095180.01620258,,,,,53.34840631863573,47.9423562825253,46.01658702082567,62.53682881446039,58.10154810185093,-633433.5991273671,-785500.6205606274,152067.0214332603,96846150.0,99543423.57666375,94148876.42333625
hourly,2024-03-17 23:00:00,96945000.0,97832000.0,96850000.0,97821000.0,239.41375394,23295687131.26025,97030400.0,97017949.40402375,96351400.0,96789616.14169753,96755050.0,97164305.7289452,,,,,61.09741222015655,52.84408499738163,50.06134946202574,72.29310650363281,64.71104891579158,-490210.20562553406,-726442.5375736088,236232.33194807475,96755050.0,99162038.98823275,94348061.01176725
hourly,2024-03-18 00:00:00,97832000.0,98658000.0,97385000.0,98501000.0,391.98951521,38438219663.96691,97286600.0,97512299.6026825,96586200.0,97100776.84320706,96739400.0,97291609.94523612,,,,,66.17923019133487,56.281441679464095,52.932477986931936,86.7576760332974,73.8625371171302,-318166.6898548603,-644787.3680298591,326620.67817499884,96739400.0,99093511.69077246,94385288.30922754
hourly,2024-03-18 01:00:00,98595000.0,99557000.0,98401000.0,98721000.0,486.22601556,48107023935.66474,97656200.0,97915199.73512167,97008200.0,97395362.87171486,96724450.0,97427742.3314041,,,,,67.76844439420945,57.36427236421921,53.8341319676957,91.36288567740253,83.47122273811091,-162199.0727712214,-548269.7089781316,386070.63620691025,96724450.0,99020665.69452643,94428234.30547357
hourly,2024-03-18 02:00:00,98721000.0,99557000.0,98720000.0,99378000.0,193.40626442,19170088920.15046,98273000.0,98402799.82341444,97400000.0,97755842.34958488,96787750.0,97613481.15698467,,,,,72.30287821799635,60.50992023352239,56.45013004425617,92.363280044536,90.16128058507864,14256.457112208009,-435764.47576006374,450020.93287227175,96787750.0,99304254.49924828,94271245.50075172
hourly,2024-03-18 03:00:00,99420000.0,99429000.0,98767000.0,98810000.0,101.48521912,10051697533.85426,98646200.0,98538533.21560964,97654000.0,97947507.37693308,96856850.0,97727435.33250995,,,,,63.31824366281878,56.62055944373792,53.68847307900066,88.82759495276139,90.8512535582333,107032.08357802033,-327205.16389244696,434237.2474704673,96856850.0,99519055.43910496,94194644.56089504
hourly,2024-03-18 04:00:00,98810000.0,99520000.0,98779000.0,99516000.0,101.93328927,10112124379.83422,98985200.0,98864355.4770731,98007800.0,98232687.85385434,96994300.0,97897774.82465185,,,,,68.91895946635283,60.05717883104168,56.467928927112325,93.86849280324645,91.68645593351461,234818.8896856606,-214800.35317682545,449619.24286248605,96994300.0,99908873.55190665,94079726.44809335
hourly,2024-03-18 05:00:00,99516000.0,99802000.0,98929000.0,99060000.0,179.68496834,17866258185.95493,99097000.0,98929570.31804875,98191800.0,98383108.24406265,97228500.0,98008462.93658978,,,,,61.80775281536802,56.920561830233304,54.25943901708253,90.50815238392107,91.06808004664298,295884.69059978426,-112663.34442150351,408548.03502128774,97228500.0,100006785.68876943,94450214.31123057
hourly,2024-03-18 06:00:00,99060000.0,99467000.0,98910000.0,99026000.0,165.79327534,16447176650.02159,99158000.0,98961713.54536584,98407100.0,98499997.65423307,97361050.0,98105371.22834313,,,,,61.25792371184399,56.682852068618104,54.093806927808984,90.18866077837772,91.52176865518175,337644.11079633236,-22601.853377936335,360245.9641742687,97361050.0,100219676.573061,94502423.426939
hourly,2024-03-18 07:00:00,99017000.0,100235000.0,98984000.0,99485000.0,459.43023489,45817302930.16939,99179400.0,99136142.36357723,98726200.0,98679088.98982707,97485600.0,98236764.4446914,,,,,66.01896483806838,59.16231384447521,55.99780535844778,84.99606890644736,88.56429402291538,403129.19373327494,62544.356044305925,340584.837688969,97485600.0,100490227.19642116,94480972.80357884
hourly,2024-03-18 08:00:00,99485000.0,100299000.0,99423000.0,99922000.0,363.2442199,36266302186.81191,99401800.0,99398094.9090515,99024000.0,98905072.8098585,97616750.0,98397263.06900652,,,,,70.1002929887661,61.42614504483832,57.749603830610226,86.60384266162373,87.26285744881629,484701.50436781347,146975.78570900744,337725.71865880606,97616750.0,100810137.7655325,94423362.2344675
hourly,2024-03-18 09:00:00,99934000.0,100183000.0,98150000.0,98370000.0,749.79536923,74241186652.1554,99172600.0,99055396.60603434,99078900.0,98807786.84442967,97715150.0,98394666.586244,,,,,46.806932059735885,50.680780133876304,50.28438523220353,76.77217053363775,82.79069403390294,419281.5026784241,201436.92910289078,217844.57357553334,97715150.0,100872007.61644809,94558292.38355191
hourly,2024-03-18 10:00:00,98341000.0,99070000.0,97623000.0,98729000.0,434.40257901,42698662033.77578,99106400.0,98946597.73735623,99101700.0,98793461.96362427,97843950.0,98426507.86374459,,,,,51.18437689202296,52.740210470868014,51.79778122719686,70.10773084557972,77.8279146802804,391886.55545537174,239526.854373387,152359.70108198473,97843950.0,100942102.35091396,94745797.64908604
hourly,2024-03-18 11:00:00,98729000.0,99266000.0,98344000.0,98943000.0,209.27719959,20675256817.84999,99089800.0,98945398.49157083,99123900.0,98820650.69751075,98066050.0,98475697.591007,,,,,53.826911489819764,53.97399189004055,52.69901727373442,61.7122167331699,69.53070603746245,383028.55913582444,268227.1953258745,114801.36380994995,98066050.0,100766503.41027255,95365596.58972745
hourly,2024-03-18 12:00:00,98943000.0,99320000.0,98870000.0,99074000.0,196.72991314,19512471741.48768,99007600.0,98988265.66104722,99093500.0,98866714.20705424,98246750.0,98532678.77281585,,,,,55.545538033716944,54.752711667932644,53.26071211712832,64.76074178177673,65.5268964535088,382173.67815457284,291016.49189161416,91157.18626295868,98246750.0,100683769.22114097,95809730.77885903
hourly,2024-03-18 13:00:00,99074000.0,99680000.0,98675000.0,99420000.0,228.22565222,22646324389.2137,98907200.0,99132177.10736482,99154500.0,98967311.62395348,98404250.0,98617185.5563572,,,,,60.11961553583856,56.83024027826468,54.75087772090942,66.82283683044862,64.43193178179843,404749.7836176306,313763.1502368174,90986.63338081317,98404250.0,100706806.82826036,96101693.17173964
hourly,2024-03-18 14:00:00,99420000.0,100000000.0,99211000.0,99685000.0,308.1047385,30736221883.11199,99170200.0,99316451.40490988,99171400.0,99097800.4195983,98589600.0,98718882.17003746,,,,,63.47749627525931,58.40547432831629,55.882045145162465,70.45768102653615,67.34708654625383,438964.6835260987,338803.4568946737,100161.22663142503,98589600.0,100654338.38281602,96524861.61718398
hourly,2024-03-18 15:00:00,99685000.0,99788000.0,99210000.0,99412000.0,192.53839408,19148128150.61159,99306800.0,99348300.93660659,99206600.0,99154927.61603497,98699200.0,98784893.39193866,,,,,57.64406491238581,56.133069481100165,54.410724558415474,71.24803236715422,69.50951674137967,438991.004724741,358840.96646068717,80150.03826405382,98699200.0,100689187.10389897,96709212.89610103
hourly,2024-03-18 16:00:00,99412000.0,99424000.0,98900000.0,99185000.0,198.60199408,19683511946.99731,99355200.0,99293867.29107106,99222500.0,99160395.32221042,98814800.0,98822998.78318259,,,,,52.92580585038474,54.24322718312113,53.18807553335833,67.42650722471352,69.71074020613463,415900.61814561486,370252.8967976727,45647.72134794213,98814800.0,100617952.74771135,97011647.25228865
hourly,2024-03-18 17:00:00,99174000.0,99185000.0,98221000.0,99143000.0,291.82941272,28816178668.49468,99369000.0,99243578.19404738,99188300.0,99157232.53635398,98957250.0,98853475.08954616,,,,,52.006926284391,53.88177009547279,52.956894321093856,60.6751370204285,66.44989220409875,389719.8238953501,374146.2822172082,15573.541678141919,98957250.0,100317698.97774692,97596801.02225308
hourly,2024-03-18 18:00:00,99143000.0,99500000.0,98694000.0,98926000.0,207.97062191,20613702737.9587,99270200.0,99137718.7960316,99088700.0,99115190.25701688,99056350.0,98860382.22387509,,,,,47.07991026858568,51.95541147503592,51.736953251135155,54.62132536123568,60.90765653545923,347456.01274321973,368808.2283224105,-21352.215579190757,99056350.0,100034294.84291779,98078405.15708221
hourly,2024-03-18 19:00:00,98926000.0,99386000.0,98822000.0,99337000.0,168.56249206,16701488164.36996,99200600.0,99204145.86402106,99185400.0,99155519.30119562,99132150.0,98905774.39302985,,,,,56.2405101638732,55.22082470842682,53.851164961301315,56.514698555057294,57.27038697890716,343170.05229361355,363680.5931166511,-20510.54082303756,99132150.0,99924288.8169148,98340011.1830852
hourly,2024-03-18 20:00:00,99337000.0,99891000.0,99136000.0,99629000.0,279.27870732,27819682042.65344,99244000.0,99345763.90934739,99275400.0,99241606.70097823,99188550.0,98974653.0222651,,,,,61.73130055901108,57.43432172669295,55.3115239000083,62.568510214250125,57.9015113768477,359194.7835391462,362783.4312011502,-3588.6476620039903,99188550.0,99951568.78986314,98425531.21013686
hourly,2024-03-18 21:00:00,99629000.0,100183000.0,99305000.0,100182000.0,368.50076696,36783335415.82346,99443400.0,99624509.27289826,99399300.0,99412587.30080037,99261600.0,99089638.44871604,,,,,70.0379099621699,61.33261587876879,57.957116368514654,78.21375186846039,65.7656535459226,411770.3446740955,372580.81389573927,39189.530778356246,99261600.0,100111002.61360559,98412197.38639441
hourly,2024-03-18 22:00:00,100182000.0,100233000.0,99000000.0,99238000.0,616.89631794,61506846318.37146,99462400.0,99495672.84859884,99415700.0,99380844.1552003,99254600.0,99103768.1202669,,,,,48.8993015054045,52.4944876904507,52.3971608434388,77.4892760396085,72.75717937410633,372964.64078068733,372657.5792727289,307.06150795845315,99254600.0,100102269.34963804,98406930.65036196
hourly,2024-03-18 23:00:00,99238000.0,99650000.0,98620000.0,98997000.0,370.30775287,36691663591.36655,99476600.0,99329448.56573257,99373400.0,99311054.30880025,99263950.0,99093599.72786053,,,,,44.86607056712296,50.49398922346297,51.083510951960584,70.04962516250593,75.25088435685826,319085.9309977591,361943.2496177349,-42857.31861997582,99263950.0,100094931.78458725,98432968.21541275
hourly,2024-03-19 00:00:00,99000000.0,99199000.0,98540000.0,99190000.0,207.63331557,20530436978.19187,99447200.0,99282965.71048838,99323900.0,99289044.43447292,99247650.0,99102780.70615953,,,,,48.81078829684115,52.06928945995359,52.093452679982924,54.227368864717185,67.25542335561055,288632.9711279571,347281.1939197794,-58648.22279182228,99247650.0,100070564.78742847,98424735.21257153
hourly,2024-03-19 01:00:00,99190000.0,99764000.0,98655000.0,98890000.0,161.01733643,15974095927.83804,99299400.0,99151977.14032559,99271700.0,99216490.90093239,99239150.0,99082515.87700148,,,,,43.204942435697035,49.436007149909805,50.39527131578019,44.68506965867629,56.320687895299805,237552.9259749502,325335.54033081356,-87782.61435586336,99239150.0,100073656.16345364,98404643.83654636
hourly,2024-03-19 02:00:00,98890000.0,99594000.0,98598000.0,99460000.0,135.36516095,13402855152.88832,99155000.0,99254651.42688373,99299200.0,99260765.28258103,99260850.0,99118466.74585849,,,,,54.72985431240214,54.17767546682436,53.424298903646495,47.66401590457256,48.858818142655345,240295.87719723582,308327.607704098,-68031.73050686216,99260850.0,100094589.3951034,98427110.6048966
hourly,2024-03-19 03:00:00,99465000.0,99465000.0,98953000.0,99185000.0,71.73995265,7114176788.60301,99144400.0,99231434.28458916,99303400.0,99246989.7766572,99245850.0,99124803.24625292,,,,,49.11955396834631,51.66062464303762,51.82129152991881,47.58117958913187,46.643421717460235,217769.1765628755,290215.92147585354,-72446.74491297803,99245850.0,100073381.08384933,98418318.91615067
hourly,2024-03-19 04:00:00,99058000.0,99589000.0,99001000.0,99100000.0,73.70542708,7320561573.90006,99165000.0,99187622.85639277,99320800.0,99220264.3627195,99204750.0,99122441.03232408,98413000.0,98413000.0,,,47.36855854836814,50.873873578650176,51.3215197520341,51.060304837640814,48.76850011044841,190857.7253358066,270344.28224784415,-79486.55691203754,99204750.0,99970207.6546437,98439292.3453563
hourly,2024-03-19 05:00:00,99106000.0,99568000.0,99099000.0,99532000.0,78.70449522,7821060261.50264,99233400.0,99302415.23759519,99340300.0,99276943.56949776,99262850.0,99161446.64829321,98407100.0,98449688.52459016,,,56.552114068427755,54.65367743327607,53.704165792554164,52.25314777998674,50.29821073558648,202059.77664981782,256687.3811282389,-54627.60447842107,99262850.0,99931850.59790707,98593849.40209293
hourly,2024-03-19 06:00:00,99532000.0,99925000.0,99465000.0,99645000.0,132.568659,13216805538.0286,99384400.0,99416610.1583968,99341900.0,99343862.92049816,99308650.0,99207499.34845576,98404200.0,98488879.06476752,,,58.748683286227326,55.61565715257201,54.318279744569686,59.87408880053015,54.3958471393859,217547.88207645714,248859.48131788257,-31311.59924142543,99308650.0,99948552.71464539,98668747.28535461
hourly,2024-03-19 07:00:00,99644000.0,99800000.0,99275000.0,99513000.0,170.06156453,16918290927.78363,99395000.0,99448740.10559787,99275000.0,99374615.11677122,99337150.0,99236594.64860283,98408583.33333333,98522456.80034891,,,54.961820000061984,54.170007973845344,53.448661444799896,64.46877897803179,58.86533851951623,216673.3449369222,242422.25404169052,-25748.909104768332,99337150.0,99959001.65772115,98715298.34227885
hourly,2024-03-19 08:00:00,99511000.0,99665000.0,99000000.0,99040000.0,209.3527504,20791589309.15788,99366000.0,99312493.40373191,99255200.0,99313776.00463098,99335450.0,99217871.3487359,98407850.0,98539425.42984566,,,43.294984451387826,49.23165457942095,50.41202160777716,52.593554639870945,58.97880747281096,175786.76062603295,229095.15535855902,-53308.39473252607,99335450.0,99960508.30464888,98710391.69535112
hourly,2024-03-19 09:00:00,99042000.0,99700000.0,98363000.0,98624000.0,448.1430827,44378772430.35591,99270800.0,99082995.60248795,99217900.0,99188362.18560717,99295650.0,99161312.17266582,98403516.66666667,98542198.36657204,,,35.55161055394393,45.318594040046854,47.89895511068109,33.65417841947497,50.23883734579257,108564.65883685648,204989.05605421853,-96424.39721736204,99295650.0,99994995.03945516,98596304.96054484
hourly,2024-03-19 10:00:00,98624000.0,98650000.0,97000000.0,97470000.0,978.92757394,95562198572.7584,98858400.0,98545330.40165864,99045900.0,98875932.69731495,99184900.0,99000234.82288814,98377733.33333333,98507044.32176639,,,22.517677142369703,36.622612348690126,41.825781353018584,19.34272438547934,35.19681914827508,-37396.41417558491,156511.96200825783,-193908.37618384275,99184900.0,100237139.69652706,98132660.30347294
hourly,2024-03-19 11:00:00,97451000.0,98101000.0,97040000.0,97352000.0,382.94683726,37370805096.85206,98399800.0,98147553.60110576,98892100.0,98598854.02507587,99081900.0,98843260.07785116,98344766.66666667,98469174.0161347,,,21.57411148671236,35.864783242934585,41.26405210416957,13.127506942939698,22.04146991596467,-160740.3156619668,93061.5064742129,-253801.82213617972,99081900.0,100408153.75042875,97755646.24957125
hourly,2024-03-19 12:00:00,97352000.0,97527000.0,96350000.0,97266000.0,547.52393482,53090830167.00285,97950400.0,97853702.40073718,98672700.0,98356516.92960751,98985950.0,98693044.83234152,98306366.66666667,98429725.68773682,,,20.831878577893917,35.29159876442599,40.84427388788216,17.01589306661994,16.495374798346326,-262405.875907287,21968.029997912927,-284373.90590519994,98985950.0,100539061.84739745,97432838.15260255
hourly,2024-03-19 13:00:00,97266000.0,97496000.0,96500000.0,96868000.0,373.88736441,36191933708.70871,97516000.0,97525134.93382479,98441000.0,98085877.4878607,98872200.0,98519231.03878519,98262550.0,98378521.56682742,,,17.56846246874774,32.687945539659665,38.920304431615286,16.999869498477597,15.714423169345745,-370817.2877700627,-56589.033555682196,-314228.2542143805,98872200.0,100687921.35585427,97056478.64414573
hourly,2024-03-19 14:00:00,96900000.0,97200000.0,96400000.0,96797000.0,337.03295794,32592779391.38937,97150600.0,97282423.28921653,98210700.0,97851536.12643148,98765750.0,98355209.03509137,98222750.0,98326668.40070191,,,17.01375222310579,32.23112333026857,38.579901972416806,17.538461538461533,17.184741367853025,-457192.9832435101,-136709.8234932478,-320483.15975026233,98765750.0,100804167.22654457,96727332.77345543
hourly,2024-03-19 15:00:00,96797000.0,97000000.0,96010000.0,96090000.0,387.46356472,37351363087.87687,96874600.0,96884948.8594777,97866500.0,97531256.83071667,98603400.0,98139474.84127314,98163533.33333333,98253335.01051496,,,12.447788261968206,28.03031126121249,35.34749887819378,9.678809908694964,14.739046981878031,-576054.9328794926,-224578.8453704968,-351476.08750899584,98603400.0,100944928.91122559,96261871.08877441
hourly,2024-03-19 16:00:00,96090000.0,96176000.0,95003000.0,96037000.0,999.77071106,95618930347.56648,96611600.0,96602299.2396518,97505700.0,97259573.77058637,98423800.0,97939239.14210428,98117250.0,98180668.28885873,,,12.162323714731283,27.73844688440058,35.11591191923763,11.851546558473464,13.022939335209985,-666843.583644107,-313031.7930252189,-353811.7906188881,98423800.0,100975683.89440553,95871916.10559447
hourly,2024-03-19 17:00:00,96036000.0,96117000.0,94503000.0,94691000.0,847.20116151,80541381693.77249,96096600.0,95965199.49310121,97023500.0,96792560.35775247,98149250.0,97629883.03333245,98045100.0,98066252.93512565,,,7.2417246830178925,21.590063240170714,29.89329994965769,8.839499463800033,10.123285310322819,-837748.1552272588,-417975.0654656269,-419773.0897616319,98149250.0,101060842.2122657,95237657.7877343
hourly,2024-03-19 18:00:00,94691000.0,95416000.0,94002000.0,95405000.0,886.6852692,83849306839.50998,95804000.0,95778466.32873414,96660000.0,96540276.65634292,97957600.0,97417989.41111031,97999983.33333333,97978998.74053136,,,25.815990697435655,30.40275718876878,35.2564821684201,16.054132090958543,12.248392704410678,-905143.4958667457,-515408.75154585065,-389734.74432089506,97957600.0,101065431.89953856,94849768.10046144
hourly,2024-03-19 19:00:00,95409000.0,95416000.0,94000000.0,94098000.0,553.48515277,52242959993.85572,95264200.0,95218310.88582277,96207400.0,96096226.35518965,97712650.0,97101799.94338551,97944483.33333333,97851752.88018605,,,18.082923220536472,24.88838204067641,30.736977297584684,9.602894757616065,11.498842104124881,-1051893.1958450675,-622705.640405694,-429187.5554393735,97712650.0,101221873.65233469,94203426.34766531
hourly,2024-03-19 20:00:00,94098000.0,94200000.0,92027000.0,93451000.0,1943.87530491,180807093796.04242,94736400.0,94629207.25721519,95805500.0,95615276.10879153,97425700.0,96754104.71068212,97889216.66666667,97707465.90050782,,,15.416001698949227,22.694020622238796,28.81690654601298,14.55371802958362,13.403581626052743,-1206493.180775717,-739463.1484796987,-467030.0322960182,97425700.0,101341306.61966956,93510093.38033044
hourly,2024-03-19 21:00:00,93553000.0,95323000.0,93427000.0,94901000.0,1129.41735019,106572709740.40936,94509200.0,94719804.83814347,95560400.0,95485407.72537488,97226250.0,96577618.54776002,97897966.66666667,97615450.62508133,,,38.9555566185752,36.25796045233232,37.939610715124466,19.14328269027833,14.43329849249267,-1198199.799387768,-831210.4786613126,-366989.3207264553,97226250.0,101233118.09707637,93219381.90292363
hourly,2024-03-19 22:00:00,94901000.0,95248000.0,93730000.0,94269000.0,559.76243485,52860899385.36199,94424800.0,94569536.55876231,95260700.0,95264242.68439762,96966700.0,96357750.11464003,97862866.66666667,97505730.93245572,,,34.12615560477163,33.49904170118187,35.837649825592415,28.331726725594596,20.676242481818846,-1228463.3917545974,-910661.0612799696,-317802.3304746278,96966700.0,101036345.68999627,92897054.31000373
hourly,2024-03-19 23:00:00,94269000.0,94280000.0,92690000.0,93397000.0,609.81282213,56906096541.22653,94023200.0,94178691.03917488,94913600.0,94924744.01450714,96677300.0,96075773.91324574,97802916.66666667,97371018.44286701,,,28.44893179890315,30.096273576101673,33.17490156758098,29.120281700212626,25.53176370536185,-1307735.8542442322,-990076.0198728222,-317659.83437140996,96677300.0,100902946.81314869,92451653.18685131
hourly,2024-03-20 00:00:00,93310000.0,94620000.0,93000000.0,94556000.0,411.16924751,38585496787.48062,94114800.0,94304460.69278327,94689500.0,94857699.64823312,96450100.0,95931033.54055566,97757200.0,97278722.75621563,,,43.12161781936417,38.96980273246577,39.453148616713044,30.513771291916253,29.321926572574487,-1262485.0957475603,-1044557.8350477698,-217927.26069979044,96450100.0,100615483.00001837,92284716.99998163
hourly,2024-03-20 01:00:00,94557000.0,96000000.0,94411000.0,95987000.0,349.82520197,33322782422.82422,94622000.0,94865307.12852219,94679200.0,95063026.984918,96272850.0,95936363.67955035,97750283.33333333,97236371.19043806,,,56.09170887117234,47.783266691043735,46.02701305550489,44.77399111032713,34.802681367485334,-1098491.0815892518,-1055344.4843560662,-43146.597233185545,96272850.0,100179725.89688797,92365974.10311203
hourly,2024-03-20 02:00:00,95888000.0,96601000.0,95049000.0,95321000.0,345.94958133,33207568922.20105,94706000.0,95017204.75234812,94607600.0,95109931.16947836,96056650.0,95877757.61483127,97736416.66666667,97173572.13501386,,,49.91182106657297,44.55813022107991,43.707945155044236,57.955624279886145,44.414462227376504,-1010615.5311052203,-1046398.6937058971,35783.16260067676,96056650.0,99643240.53904077,92470059.46095923
hourly,2024-03-20 03:00:00,95321000.0,95700000.0,94441000.0,95366000.0,182.40363295,17346845526.74036,94925400.0,95133469.83489875,94675100.0,95156489.1386641,95849300.0,95829018.79437116,97750833.33333333,97114307.47484948,,,50.34308853312158,44.829090338669545,43.90845038006099,65.5923580589921,56.10732448306845,-926660.4356421828,-1022451.0420931543,95790.60645097145,95849300.0,99053672.41412745,92644927.58587255
hourly,2024-03-20 04:00:00,95366000.0,96008000.0,95002000.0,95082000.0,111.85347627,10674899881.40479,95262400.0,95116313.22326584,94642800.0,95142945.65890698,95651400.0,95757874.14728819,97744533.33333333,97047674.4428872,,,47.34179292498972,43.38788297181714,42.895961813377376,62.069601842087486,61.87252806032191,-872978.68921794,-992556.5715181115,119577.88230017154,95651400.0,98494597.11814563,92808202.88185437
hourly,2024-03-20 05:00:00,95093000.0,95277000.0,94159000.0,94494000.0,158.03656667,14941338120.73674,95250000.0,94908875.48217723,94682400.0,95024955.53910571,95444900.0,95637505.18087979,97714933.33333333,96963947.41197287,,,41.3825397875891,40.485780565336526,40.848272798573944,59.97123415325055,62.54439801811005,-867877.8486950397,-967620.8269534972,99742.9782584575,95444900.0,97960045.10620424,92929754.89379576
hourly,2024-03-20 06:00:00,94494000.0,95000000.0,94263000.0,94906000.0,143.74434768,13606449436.89377,95033800.0,94907916.98811816,94827900.0,95003327.2592683,95316700.0,95567838.020796,97697066.66666667,96896473.7263344,,,46.85150068631426,43.34524821606562,42.8552083804383,59.43657915694758,60.492471717428536,-821125.0209498107,-938321.66575276,117196.64480294927,95316700.0,97652191.12157322,92981208.87842678
hourly,2024-03-20 07:00:00,94906000.0,95100000.0,92980000.0,93144000.0,552.96288172,51757861022.68736,94598400.0,94319944.65874544,94652200.0,94665267.75758314,95106300.0,95336996.30452973,97629133.33333333,96773441.8008808,,,31.969317091790693,35.49142303549466,37.18915909337052,47.099548170820576,55.502453827006235,-915696.1670645028,-933796.5660151086,18100.39895060577,95106300.0,97427904.7172501,92784695.2827499
hourly,2024-03-20 08:00:00,93043000.0,93174000.0,92049000.0,92572000.0,798.74201245,73872672838.27446,94039600.0,93737296.43916363,94482500.0,94284673.61984074,94871600.0,95073663.32314594,97557450.0,96635689.61068799,,,28.536287563884855,33.377137531946495,35.5854392902321,33.09284360880337,46.54299031219051,-1024984.7155354023,-952034.1959191675,-72950.51961623481,94871600.0,97222790.99942763,92520409.00057237
hourly,2024-03-20 09:00:00,92541000.0,94455000.0,92063000.0,94300000.0,880.24199252,82244693597.1596,93883200.0,93924864.29277575,94572800.0,94287460.23441514,94743200.0,94999981.10189396,97524216.66666667,96559109.6234523,,,48.157459853715565,44.19300276739382,43.3363649845013,28.676577758344255,36.28965651265606,-961082.7553284466,-953843.9078010233,-7238.8475274232915,94743200.0,96908469.07043175,92577930.92956825
hourly,2024-03-20 10:00:00,94219000.0,94300000.0,92061000.0,92870000.0,584.05729913,54193661486.27094,93558400.0,93573242.8618505,94404200.0,94029740.1917942,94546850.0,94797125.75885645,97456316.66666667,96438155.20956862,,,38.06670320339058,38.6072261768558,39.23417604832477,26.548374334545187,29.4392652338976,-1014138.6810314953,-965902.8624471178,-48235.81858437753,94546850.0,96638918.75956237,92454781.24043763
hourly,2024-03-20 11:00:00,92869000.0,93725000.0,92744000.0,93280000.0,302.01275353,28196083170.92053,93233200.0,93475495.24123368,94133500.0,93893423.79328616,94406350.0,94652637.59134631,97380633.33333333,96334609.13712373,,,42.1232710877033,40.913193101630874,40.917844704014264,31.591002761591,28.93865161816014,-1011443.0253169984,-975010.8950210939,-36432.13029590447,94406350.0,96438634.81996833,92374065.18003167
hourly,2024-03-20 12:00:00,93293000.0,94000000.0,92250000.0,92378000.0,387.72562191,36126022909.57377,93080000.0,93109663.4941558,93839200.0,93617892.19450685,94223400.0,94436005.43978952,97278583.33333333,96204884.24738197,,,36.06092312842423,37.56983801080503,38.456465207997354,17.435559461042754,25.191645519059644,-1069759.044055611,-993960.5248279973,-75798.51922761358,94223400.0,96295984.59544192,92150815.40455808
hourly,2024-03-20 13:00:00,92379000.0,93003000.0,92000000.0,92018000.0,597.28969385,55112994161.27778,92969200.0,92745775.66277054,93504400.0,93327002.7045965,94089750.0,94205719.2074286,97166866.66666667,96067609.35402519,,,33.79613021005263,36.29502389939732,37.51086370220811,11.553956521257497,20.193506247963747,-1131975.1949869245,-1021563.4588597829,-110411.73612714163,94089750.0,96369732.72154118,91809767.27845882
hourly,2024-03-20 14:00:00,92018000.0,92019000.0,89845000.0,90895000.0,1993.64809736,180690491702.64456,92288200.0,92128850.44184703,93085700.0,92884820.39466986,93864250.0,93890412.61624493,97025483.33333333,95898015.60471289,,,27.5085516024037,32.581082951557036,34.71496115058403,7.720184080747678,12.236566687682638,-1257404.0859446675,-1068731.58427676,-188672.50166790746,93864250.0,96465932.2796434,91262567.7203566
hourly,2024-03-20 15:00:00,90895000.0,91560000.0,90779000.0,90818000.0,418.89251613,38182888992.19833,91877800.0,91691900.2945647,92718100.0,92509034.86836624,93700250.0,93597801.89088826,96892283.33333333,95731457.71603379,,,27.105160609814416,32.33675117961207,34.529668733648634,10.11165766685552,9.795266089620226,-1347487.6434078962,-1124482.7961029874,-223004.8473049088,93700250.0,96632418.07696608,90768081.92303392
hourly,2024-03-20 16:00:00,90818000.0,92960000.0,90774000.0,92631000.0,564.10160499,51945510328.92619,91748000.0,92004933.5297098,92490600.0,92531210.3468451,93659250.0,93505725.52032748,96777533.33333333,95629803.36468841,,,48.03697126021775,43.14749960715431,42.16189746783525,25.04967029345308,14.293837347018753,-1258083.164002657,-1151202.8696829213,-106880.2943197356,93659250.0,96628786.40719965,90689713.59280035
hourly,2024-03-20 17:00:00,92629000.0,93488000.0,92002000.0,92002000.0,485.66358617,45029188202.86192,91672800.0,92003955.6864732,92376400.0,92434990.28378235,93514300.0,93362513.56601058,96659900.0,95510858.99207567,,,43.035100495702686,40.716890908099685,40.44435724173181,31.535486304067433,22.232271421458673,-1223876.427556932,-1165737.5812577235,-58138.84629920847,93514300.0,96511509.93767977,90517090.06232023
hourly,2024-03-20 18:00:00,92031000.0,93100000.0,91823000.0,92957000.0,248.64889404,23025938683.48632,91860600.0,92321637.12431547,92414900.0,92529901.14127645,93448700.0,93323893.22639051,96558750.0,95427125.91036826,,,51.9056482869341,45.71680165819366,44.076187681756714,45.831526144869315,34.13889424746327,-1106946.6320218593,-1153979.3914105506,47032.75938869128,93448700.0,96433766.8404753,90463633.1595247
hourly,2024-03-20 19:00:00,92957000.0,92966000.0,92331000.0,92503000.0,195.08206915,18078971757.43742,92182200.0,92382091.41621032,92235200.0,92525010.02468073,93404000.0,93245712.91911523,96442383.33333333,95331252.92970045,,,47.779157648061634,43.824520697640736,42.774143414538884,47.62324029135774,41.663417580098155,-1038936.7166365981,-1130970.85645576,92034.13981916197,93404000.0,96418951.44414073,90389048.55585927
hourly,2024-03-20 20:00:00,92517000.0,94109000.0,92453000.0,93404000.0,541.35926505,50562307958.85429,92699400.0,92722727.61080688,92288600.0,92684826.38382968,93346400.0,93260787.87919949,96333750.0,95268064.30905452,,,55.89714983800314,48.390105103776605,46.0925439208995,58.532169142976706,50.66231185973459,-901938.2163588405,-1085164.328436376,183226.1120775356,93346400.0,96312301.61316039,90380498.38683961
hourly,2024-03-20 21:00:00,93418000.0,95435000.0,93150000.0,94717000.0,972.80415597,91995807611.8502,93116600.0,93387485.07387125,92432300.0,93054312.49586064,93282900.0,93399474.74784717,96272866.66666667,95249996.62679043,,,65.11668845312076,54.22821251433883,50.485883446486206,68.48733664789248,58.21424869407563,-679583.9700858444,-1004048.2567662698,324464.2866804254,93282900.0,96059071.15352859,90506728.84647141
hourly,2024-03-20 22:00:00,94750000.0,94750000.0,93090000.0,93816000.0,489.39622567,45926932345.13828,93479400.0,93530323.38258085,92576100.0,93192801.13297687,93207650.0,93439143.81948078,96190983.33333333,95202980.34394485,,,55.781196462659096,50.04469224553404,47.685718439346495,75.30639246944868,67.44196608677261,-569504.8999849409,-917139.5854100041,347634.68542506325,93207650.0,95828455.12137216,90586844.87862784
hourly,2024-03-20 23:00:00,93850000.0,95000000.0,93650000.0,94759000.0,335.99011792,31750423872.0261,93839800.0,93939882.25505391,92850200.0,93477564.56334472,93177300.0,93564844.40810166,96121250.0,95188423.6113565,,,62.368789793698824,54.04099845945186,50.69120150166996,82.03339296362553,75.27570736032222,-401545.4587379545,-814020.7600755943,412475.3013376398,93177300.0,95705279.5219024,90649320.4780976
hourly,2024-03-21 00:00:00,94759000.0,94999000.0,93750000.0,93962000.0,272.00486043,25650968061.77637,94131600.0,93947254.83670262,93156900.0,93565643.73364568,93121300.0,93602668.75018722,96036050.0,95148213.00114809,,,54.38045834957903,50.373180253188046,48.23215568925675,77.53130590339892,78.29036377882437,-328955.6348693818,-717007.7350343518,388052.10016497003,93121300.0,95517827.49663034,90724772.50336966
hourly,2024-03-21 01:00:00,93962000.0,94236000.0,92381000.0,93401000.0,386.12733672,35991965313.71603,94131000.0,93765169.89113508,93415200.0,93535708.50934646,93066650.0,93583462.20255034,95935733.33333333,95090927.3289793,,,49.20499453752227,47.908361558988815,46.56273290671936,75.056648777579,78.20711588153448,-313086.6203299761,-636223.5120934766,323136.8917635005,93066650.0,95379774.04609688,90753525.95390312
hourly,2024-03-21 02:00:00,93401000.0,95200000.0,93150000.0,94290000.0,275.43890925,26038498099.89783,94045600.0,93940113.26075673,93581100.0,93672852.416738,93035850.0,93650751.51659316,95845816.66666667,95064667.41655375,,,56.80517375260911,51.9230009643214,49.472673871403124,72.25998807394156,74.94931425163982,-226168.31412011385,-554212.4724988041,328044.15837869025,93035850.0,95260566.77913581,90811133.22086419
hourly,2024-03-21 03:00:00,94290000.0,95999000.0,94274000.0,95938000.0,407.57377234,38804398153.50475,94470000.0,94606075.50717115,93974700.0,94084697.43187654,93175550.0,93868584.70548904,95787916.66666667,95093301.2717487,,,67.36558608214312,58.333677015238635,54.315043130158294,80.71312170684104,76.00991951945387,-24028.121914461255,-448175.6023819356,424147.4804674743,93175550.0,95751958.71839282,90599141.28160718
hourly,2024-03-21 04:00:00,95790000.0,96830000.0,95536000.0,96501000.0,457.41067516,44023903279.49997,94818400.0,95237717.00478077,94329100.0,94524025.17153534,93372000.0,94119290.9240139,95743183.33333333,95139455.32841268,,,70.26320507146043,60.28212302930863,55.833373580384716,91.03104687200592,81.33471888426283,179529.32920867205,-322634.6160638141,502163.94527248613,93372000.0,96326120.47646566,90417879.52353434
hourly,2024-03-21 05:00:00,96597000.0,99513000.0,96500000.0,98190000.0,989.86658508,97314682789.03395,95664000.0,96221811.33652052,94897800.0,95190566.049438,93566500.0,94506977.50267924,95727300.0,95239473.18649751,,,77.31342222903822,65.49514281709729,60.01897230303003,92.81237135229814,88.1855133103817,471700.7871631831,-163767.53541841466,635468.3225815977,93566500.0,97209742.25179484,89923257.74820516
hourly,2024-03-21 06:00:00,98190000.0,99688000.0,97792000.0,99686000.0,753.33728629,74589665564.18668,96921000.0,97376540.89101368,95526000.0,96007917.67681292,93907300.0,95000217.74051932,95739966.66666667,95385260.95087463,,,81.77777474938344,69.33435471136387,63.25733342363964,93.13430338664192,92.32590720364867,814573.5728863478,31900.686242537835,782672.88664381,93907300.0,98442264.56668104,89372335.43331896
hourly,2024-03-21 07:00:00,99660000.0,100216000.0,98200000.0,98980000.0,1125.49990554,112017709384.13927,97859000.0,97911027.26067579,95952300.0,96548296.28102875,94192300.0,95379244.62237462,95734016.66666667,95503121.24756725,,,73.78367318742275,65.62345893551476,60.81640808079846,90.0363270373294,91.99433392542316,1017604.1192747205,229041.3728489744,788562.7464257461,94192300.0,99247830.00397116,89136769.99602884
hourly,2024-03-21 08:00:00,98990000.0,99770000.0,98678000.0,99726000.0,492.80333237,49007559557.71538,98616600.0,98516018.17378387,96543300.0,97126060.59356897,94559700.0,95793221.3250056,95735633.33333333,95641576.2886306,,,76.60317405745408,67.59694920909398,62.42507156447006,93.01122734319812,92.06061925572313,1224586.9790459722,428150.49408837396,796436.4849575983,94559700.0,100104404.78925614,89014995.21074386
hourly,2024-03-21 09:00:00,99726000.0,99801000.0,98457000.0,99310000.0,687.51072787,68227335159.28548,99178400.0,98780678.78252259,96998400.0,97523140.48564734,94924300.0,96128152.62738602,95721100.0,95761852.47588861,,,71.59386861292353,65.34416891116716,60.95970058584606,89.165204672554,90.73758635102716,1339612.4449175,610442.8842541992,729169.5606633008,94924300.0,100718657.8037514,89129942.1962486
hourly,2024-03-21 10:00:00,99310000.0,99632000.0,98860000.0,98953000.0,289.29212054,28712684375.98018,99331000.0,98838119.1883484,97497500.0,97783114.94280235,95327200.0,96397185.71049212,95716350.0,95866480.26356438,,,67.1945399452712,63.39170181636786,59.69698620043612,88.7007324633232,90.29238815969177,1385987.2407437116,765551.7555521016,620435.48519161,95327200.0,101062187.04995555,89592212.95004445
hourly,2024-03-21 11:00:00,98952000.0,99006000.0,98587000.0,98601000.0,236.79498546,23399026846.3096,99114000.0,98759079.45889893,98017500.0,97931821.31683828,95716350.0,96607072.78568335,95709750.0,95956136.64836554,,,62.758414882718284,61.44229080481489,58.443661874960085,83.9012975962561,87.25574491071109,1378446.2717671692,888130.6587951152,490315.61297205405,95716350.0,101214368.60099092,90218331.39900908
hourly,2024-03-21 12:00:00,98601000.0,98877000.0,96670000.0,97042000.0,799.0144804,77966012053.52365,98726400.0,98186719.63926595,98292700.0,97770035.62286767,95936900.0,96648494.42514208,95673950.0,95991738.72546831,,,46.79517298446807,53.582955722329295,53.24509735133482,74.25228674750052,82.2847722690266,1232464.6434035897,956997.4557168102,275467.18768677954,95936900.0,101265059.70599902,90608740.29400098
hourly,2024-03-21 13:00:00,97042000.0,97686000.0,96698000.0,97319000.0,386.98027019,37617261730.82085,98245000.0,97897479.75951064,98430800.0,97688029.14598264,96202750.0,96712352.09893808,95647766.66666667,96035255.48856771,,,49.45997544662054,54.691907151310744,54.00831480789767,67.30057434588385,75.15138622988015,1126143.2577238083,990826.6161182099,135316.6416055984,96202750.0,101226113.22125243,91179386.77874757
hourly,2024-03-21 14:00:00,97323000.0,98170000.0,96500000.0,98050000.0,435.08562554,42263288465.89087,97993000.0,97948319.83967376,98585700.0,97753842.02853125,96457400.0,96839747.13713445,95624266.66666667,96101312.68566385,,,56.212262393794326,57.57264222459353,55.99859661491294,64.9563922569666,68.83641778345032,1088322.8756929487,1010325.8680331577,77997.00765979104,96457400.0,101301123.0743564,91613676.9256436
hourly,2024-03-21 15:00:00,98050000.0,98373000.0,97800000.0,98100000.0,263.84508086,25892477948.28589,97822400.0,97998879.89311585,98576700.0,97816779.84152557,96737250.0,96959771.21931213,95606183.33333333,96166843.41728142,,,56.67417698337976,57.7704218691469,56.13492805513418,68.4778283679337,66.9115983235947,1050277.5863446295,1018316.2116954521,31961.37464917742,96737250.0,101254757.17821933,92219742.82178067
hourly,2024-03-21 16:00:00,98100000.0,98336000.0,97853000.0,98332000.0,68.4205381,6706963878.00254,97768600.0,98109919.9287439,98441300.0,97910456.23397546,96983650.0,97090459.67461574,95593383.33333333,96237832.15769842,97003191.66666667,97003191.66666667,59.01464466012294,58.73171251644755,56.78723030608697,70.23403355097265,67.88941805862432,1027008.1706290692,1020054.6034821756,6953.567146893591,96983650.0,101267175.36930431,92700124.63069569
